customer_id,age,gender,city,tenure_months,monthly_spend,num_purchases_last_3m,support_tickets,discount_used,churn
1001,56,Male,Chennai,18,746.56,14,1,0,1
1002,69,Female,Chennai,4,1497.87,6,0,0,0
1003,46,Female,Pune,17,2476.65,3,1,1,0
1004,32,Male,Chennai,57,1435.63,12,1,0,0
1005,60,Female,Bangalore,14,1864.38,12,2,1,0
1006,25,Female,Pune,14,801.25,12,1,1,0
1007,38,Female,Delhi,13,1282.61,12,1,0,1
1008,56,Male,Chennai,7,1731.23,6,1,0,1
1009,36,Female,Chennai,44,1552.93,12,2,0,1
1010,40,Female,Delhi,55,1912.33,7,1,0,0
1011,28,Male,Chennai,15,1198.66,8,1,0,0
1012,28,Male,Delhi,19,625.01,13,1,0,0
1013,41,Female,Pune,43,2061.05,10,0,0,0
1014,53,Female,Bangalore,47,1031.93,12,1,1,0
1015,57,Male,Delhi,44,1753.3,8,0,1,0
1016,41,Male,Mumbai,35,1725.43,9,1,1,0
1017,20,Female,Delhi,17,668.12,9,0,0,1
1018,39,Female,Chennai,35,2024.56,6,0,1,0
1019,19,Female,Pune,19,1216.72,6,0,0,0
1020,41,Female,Pune,20,1527.53,11,1,0,0
1021,61,Male,Delhi,36,1320.91,7,1,0,0
1022,47,Female,Bangalore,35,2311.3,11,1,0,0
1023,55,Female,Mumbai,32,2171.75,10,2,0,0
1024,19,Male,Pune,58,593.83,7,0,1,0
1025,38,Female,Chennai,48,2629.41,5,2,0,0
1026,50,Male,Chennai,44,1160.85,3,1,0,0
1027,29,Female,Bangalore,40,2551.22,5,1,0,1
1028,39,Female,Pune,24,1371.9,4,1,1,0
1029,61,Male,Delhi,17,1329.54,9,0,1,0
1030,42,Male,Chennai,7,1376.34,11,2,1,0
1031,66,Female,Bangalore,43,1299.61,2,1,0,1
1032,44,Female,Pune,50,2762.2,11,1,1,0
1033,59,Female,Pune,1,1461.82,13,2,0,1
1034,45,Male,Pune,35,1348.85,10,0,1,0
1035,33,Female,Pune,32,1538.51,10,1,1,0
1036,32,Male,Pune,36,1016.33,10,0,0,0
1037,64,Male,Chennai,13,2298.56,11,1,1,0
1038,68,Female,Bangalore,6,764.46,11,1,0,0
1039,61,Male,Pune,58,1193.0,8,0,0,0
1040,69,Female,Mumbai,14,1968.33,7,0,1,0
1041,20,Female,Mumbai,37,1521.18,8,1,0,0
1042,54,Female,Bangalore,48,1774.61,6,1,1,0
1043,68,Female,Delhi,15,2266.58,11,2,0,1
1044,24,Female,Delhi,47,2001.9,7,1,1,0
1045,38,Male,Delhi,4,1568.74,10,1,1,0
1046,26,Male,Mumbai,40,2544.67,9,1,1,0
1047,56,Female,Delhi,59,1185.83,11,2,0,0
1048,35,Female,Chennai,16,1449.85,6,3,0,0
1049,21,Male,Pune,28,1484.78,5,3,1,1
1050,42,Male,Mumbai,16,1448.79,6,3,1,1
1051,31,Male,Bangalore,4,965.39,10,1,0,1
1052,67,Male,Bangalore,45,708.18,10,0,0,1
1053,26,Female,Pune,26,1708.6,7,4,1,0
1054,43,Female,Mumbai,28,1183.26,5,2,1,1
1055,19,Male,Delhi,32,2453.9,4,1,1,0
1056,37,Female,Delhi,45,1463.73,11,0,1,0
1057,45,Male,Chennai,2,1374.26,13,1,0,1
1058,64,Female,Chennai,31,2047.17,5,0,1,0
1059,24,Male,Delhi,3,1701.1,10,1,0,0
1060,61,Female,Bangalore,54,1412.24,5,1,0,0
1061,25,Male,Bangalore,8,1179.63,12,1,0,1
1062,64,Male,Chennai,24,3328.85,10,0,0,0
1063,52,Female,Pune,15,1680.89,10,0,0,1
1064,31,Male,Delhi,43,2042.21,4,1,1,0
1065,34,Female,Chennai,31,988.53,5,0,1,0
1066,53,Female,Chennai,9,1211.01,13,0,1,0
1067,67,Male,Delhi,39,2556.17,6,2,0,0
1068,57,Female,Delhi,45,2198.47,12,1,1,0
1069,21,Female,Bangalore,2,1728.81,5,0,1,0
1070,19,Female,Pune,8,1309.21,10,0,0,0
1071,23,Female,Pune,7,1382.98,4,0,0,0
1072,59,Female,Delhi,56,1161.94,11,2,0,0
1073,21,Male,Mumbai,44,921.58,5,0,0,0
1074,46,Female,Chennai,51,1961.92,8,2,0,0
1075,35,Female,Chennai,39,1769.42,9,0,1,0
1076,43,Female,Delhi,42,1868.04,10,1,1,0
1077,61,Female,Mumbai,57,1331.55,4,1,1,1
1078,51,Female,Bangalore,16,1627.82,7,0,1,0
1079,27,Male,Delhi,35,1283.98,7,2,0,0
1080,53,Female,Delhi,30,1136.35,4,0,0,0
1081,31,Male,Chennai,10,2333.53,18,2,0,1
1082,48,Male,Delhi,38,1560.75,7,1,0,0
1083,65,Male,Delhi,18,1753.73,7,1,1,0
1084,32,Male,Delhi,50,1917.88,1,2,1,0
1085,25,Female,Chennai,5,1567.02,8,1,0,1
1086,31,Male,Bangalore,53,1620.32,8,1,0,0
1087,40,Male,Bangalore,29,956.69,6,2,1,1
1088,57,Female,Delhi,39,1051.94,9,0,1,0
1089,38,Female,Chennai,34,1026.09,4,1,1,1
1090,33,Female,Bangalore,43,1802.73,6,1,0,1
1091,62,Male,Bangalore,45,1535.45,12,1,0,0
1092,35,Female,Bangalore,23,1051.98,15,3,0,1
1093,64,Female,Chennai,5,1790.05,3,0,1,0
1094,41,Male,Chennai,30,1771.73,9,1,0,0
1095,43,Female,Delhi,6,1152.52,6,1,0,0
1096,42,Female,Pune,56,1486.09,5,1,1,0
1097,62,Female,Bangalore,58,1773.57,4,1,0,0
1098,58,Female,Pune,46,1070.82,13,3,1,0
1099,46,Male,Chennai,44,1783.11,7,1,0,0
1100,32,Female,Chennai,4,1650.51,8,2,0,1
1101,62,Female,Chennai,29,1000.4,8,1,1,0
1102,18,Male,Pune,23,1609.9,9,1,0,1
1103,42,Female,Chennai,6,1682.82,10,0,0,0
1104,24,Male,Delhi,32,1187.0,14,3,0,1
1105,26,Female,Chennai,42,1226.36,3,2,1,1
1106,41,Male,Mumbai,18,995.79,4,0,1,0
1107,18,Male,Pune,15,1275.5,8,0,1,0
1108,61,Male,Mumbai,40,1493.96,9,2,1,1
1109,25,Male,Chennai,58,1227.74,13,0,1,0
1110,41,Female,Delhi,32,757.56,5,0,0,0
1111,28,Male,Bangalore,9,1155.71,8,3,1,0
1112,68,Female,Chennai,37,1291.35,4,2,0,1
1113,34,Male,Delhi,10,1908.42,8,1,1,0
1114,25,Male,Pune,20,1797.38,5,3,1,1
1115,52,Male,Mumbai,6,1918.11,12,0,1,0
1116,52,Female,Mumbai,48,1130.49,6,0,0,0
1117,50,Male,Mumbai,56,1570.78,9,1,1,0
1118,22,Female,Pune,59,288.48,8,2,0,1
1119,59,Female,Delhi,3,1714.46,12,3,0,1
1120,56,Female,Pune,42,1805.45,11,4,1,1
1121,58,Female,Mumbai,11,1324.19,6,1,0,1
1122,45,Female,Chennai,43,1647.71,7,0,0,0
1123,24,Female,Bangalore,17,742.54,3,0,1,0
1124,26,Female,Pune,32,1099.47,10,0,1,0
1125,25,Female,Pune,4,1882.72,4,1,1,0
1126,29,Female,Delhi,4,1755.63,9,0,1,0
1127,51,Male,Delhi,17,1294.07,13,0,0,0
1128,50,Male,Pune,41,1905.68,13,2,0,1
1129,65,Male,Mumbai,19,1569.15,11,2,0,0
1130,40,Male,Bangalore,5,1247.89,11,1,0,0
1131,41,Male,Delhi,32,1408.59,6,1,1,0
1132,54,Female,Mumbai,22,1272.29,4,2,0,0
1133,52,Female,Chennai,56,908.11,11,2,0,0
1134,61,Female,Delhi,6,2128.34,6,0,1,0
1135,57,Female,Mumbai,35,1215.99,3,1,0,0
1136,39,Female,Mumbai,22,1083.82,15,0,0,1
1137,44,Female,Bangalore,1,735.33,4,0,0,1
1138,52,Female,Bangalore,20,182.02,14,0,0,0
1139,18,Male,Chennai,22,1850.75,7,0,0,0
1140,52,Male,Mumbai,48,1896.8,7,1,1,0
1141,54,Male,Mumbai,55,2096.52,11,1,1,0
1142,64,Male,Bangalore,11,1425.48,5,3,0,0
1143,31,Female,Delhi,13,1339.0,8,1,0,0
1144,20,Female,Delhi,59,1246.14,7,1,1,0
1145,18,Female,Pune,42,1291.72,3,2,0,0
1146,22,Male,Bangalore,3,2059.9,7,2,0,0
1147,43,Female,Pune,9,1486.74,8,1,0,0
1148,31,Female,Bangalore,12,1689.04,6,3,1,1
1149,56,Female,Chennai,23,1279.0,5,2,1,1
1150,44,Male,Mumbai,14,2160.42,8,1,1,0
1151,26,Female,Chennai,33,547.63,5,3,1,1
1152,32,Male,Bangalore,18,889.74,9,0,0,1
1153,32,Male,Mumbai,49,1689.86,6,2,1,0
1154,43,Male,Delhi,59,2375.31,9,2,0,1
1155,59,Male,Delhi,41,1387.45,12,1,1,0
1156,30,Female,Pune,9,1078.81,12,2,1,0
1157,68,Male,Bangalore,23,2000.33,5,0,1,0
1158,49,Male,Bangalore,10,1661.85,8,1,1,0
1159,56,Female,Delhi,19,2145.11,6,1,0,0
1160,66,Female,Chennai,47,854.82,4,0,1,0
1161,69,Male,Mumbai,5,2105.83,6,0,1,1
1162,49,Female,Chennai,47,725.77,8,1,0,0
1163,21,Male,Chennai,52,1355.91,5,0,1,0
1164,47,Male,Delhi,23,1706.39,7,3,1,1
1165,54,Male,Delhi,30,1593.01,9,1,0,1
1166,40,Male,Delhi,25,2030.3,7,1,0,1
1167,56,Female,Pune,28,586.67,12,1,0,0
1168,62,Male,Chennai,34,1570.5,10,3,0,1
1169,32,Female,Bangalore,45,2099.82,13,1,0,1
1170,60,Female,Mumbai,56,1529.65,4,1,0,0
1171,46,Female,Pune,48,928.83,10,4,1,0
1172,53,Female,Bangalore,47,2003.75,8,0,0,0
1173,30,Male,Chennai,25,1175.84,6,2,1,0
1174,49,Female,Delhi,10,1087.84,6,3,0,0
1175,24,Male,Chennai,14,1024.93,12,1,1,1
1176,68,Female,Mumbai,42,1400.66,13,5,0,1
1177,39,Female,Pune,57,1591.53,11,2,1,0
1178,45,Male,Pune,46,865.45,11,0,1,0
1179,19,Male,Mumbai,58,968.18,5,1,1,0
1180,59,Male,Bangalore,30,1152.76,8,2,0,1
1181,62,Female,Bangalore,55,1022.51,9,0,0,0
1182,23,Female,Pune,41,1518.38,15,1,0,0
1183,45,Male,Pune,25,1680.61,12,1,0,1
1184,45,Male,Delhi,14,1611.94,7,2,0,1
1185,61,Male,Bangalore,35,1612.67,9,2,0,0
1186,61,Male,Mumbai,52,2335.5,7,0,1,0
1187,37,Female,Bangalore,48,1711.84,7,3,1,0
1188,47,Male,Delhi,34,1891.98,3,0,1,0
1189,28,Male,Pune,10,1292.69,9,2,0,1
1190,45,Male,Pune,35,1972.0,10,0,0,0
1191,42,Male,Delhi,11,1268.82,10,1,1,0
1192,56,Female,Mumbai,11,1705.72,11,4,0,1
1193,50,Male,Pune,21,814.32,6,0,0,0
1194,18,Female,Chennai,21,1583.12,5,1,0,1
1195,44,Male,Pune,22,1012.31,4,1,1,0
1196,69,Male,Chennai,45,1968.02,6,0,1,0
1197,30,Female,Delhi,7,1937.94,11,1,1,0
1198,58,Male,Delhi,55,1266.69,10,1,1,0
1199,20,Female,Pune,17,2524.79,15,1,1,0
1200,56,Female,Bangalore,2,1357.06,9,2,1,0
1201,23,Male,Chennai,12,693.99,4,0,0,1
1202,25,Female,Mumbai,57,1110.44,11,2,1,0
1203,44,Female,Pune,42,977.93,11,1,0,1
1204,26,Female,Mumbai,18,1689.8,9,0,1,0
1205,54,Female,Pune,54,882.32,11,1,0,1
1206,50,Female,Bangalore,59,1230.39,9,2,0,0
1207,68,Female,Bangalore,11,1657.28,4,2,0,0
1208,59,Female,Bangalore,16,1569.32,11,2,0,0
1209,61,Female,Bangalore,49,1493.68,3,0,0,0
1210,41,Male,Delhi,51,1563.0,8,1,0,0
1211,32,Male,Delhi,18,1314.75,8,1,1,0
1212,49,Female,Chennai,35,698.12,4,1,1,0
1213,49,Male,Mumbai,53,1301.58,3,2,1,0
1214,41,Female,Pune,59,1734.37,4,1,1,0
1215,58,Female,Pune,26,1431.53,6,1,1,0
1216,69,Male,Delhi,16,1695.74,8,2,1,0
1217,66,Female,Pune,6,1206.61,9,1,0,1
1218,66,Female,Delhi,57,1997.17,5,1,0,0
1219,69,Female,Chennai,44,221.84,8,5,1,1
1220,29,Female,Mumbai,43,1570.72,7,2,0,0
1221,56,Male,Chennai,47,2174.44,9,2,0,0
1222,19,Female,Bangalore,47,2248.85,6,1,1,0
1223,20,Female,Bangalore,48,1384.09,5,2,0,0
1224,66,Female,Bangalore,42,836.9,1,2,0,0
1225,54,Male,Chennai,12,2183.24,9,1,0,0
1226,66,Female,Pune,13,1474.07,8,0,1,0
1227,34,Male,Mumbai,4,1420.52,3,1,1,1
1228,66,Male,Bangalore,39,1053.57,7,2,0,0
1229,19,Female,Bangalore,54,875.06,9,2,0,0
1230,19,Female,Bangalore,2,1781.93,6,3,0,0
1231,45,Male,Mumbai,26,1834.94,5,1,1,0
1232,40,Female,Bangalore,59,1600.77,5,0,0,0
1233,54,Male,Mumbai,27,1117.98,9,1,0,1
1234,49,Male,Bangalore,27,967.5,8,2,0,1
1235,50,Female,Chennai,15,783.88,9,0,0,0
1236,18,Female,Chennai,8,1219.73,6,1,0,0
1237,36,Male,Mumbai,7,997.07,7,5,1,1
1238,19,Male,Chennai,47,645.35,6,2,0,1
1239,61,Male,Mumbai,55,1825.67,8,0,1,0
1240,43,Male,Chennai,46,840.47,10,3,0,0
1241,49,Female,Chennai,40,1991.96,14,1,0,0
1242,23,Female,Mumbai,12,1697.04,11,2,0,1
1243,49,Female,Pune,13,1647.17,15,0,1,0
1244,21,Female,Chennai,43,2332.65,6,1,0,0
1245,28,Female,Bangalore,17,857.1,10,2,1,1
1246,34,Male,Pune,17,1936.89,4,0,0,0
1247,55,Female,Mumbai,56,1351.18,5,0,0,0
1248,41,Female,Pune,36,2785.54,7,1,0,0
1249,22,Female,Delhi,21,1309.6,11,0,0,0
1250,69,Female,Delhi,8,1228.85,5,2,0,1
1251,51,Female,Chennai,5,1712.77,8,4,0,1
1252,23,Male,Chennai,26,1395.55,9,2,0,0
1253,39,Male,Bangalore,16,1120.77,15,0,1,0
1254,28,Male,Pune,36,1014.86,6,1,1,1
1255,65,Female,Delhi,28,2229.1,6,3,0,1
1256,33,Male,Chennai,54,918.27,7,0,0,0
1257,50,Male,Pune,29,1611.54,6,1,1,0
1258,26,Female,Chennai,47,2028.09,4,3,0,0
1259,23,Female,Chennai,12,2052.25,3,0,1,0
1260,33,Female,Delhi,37,1199.17,8,0,1,0
1261,46,Male,Delhi,30,1396.91,8,2,1,1
1262,20,Male,Chennai,23,1299.9,4,0,0,0
1263,37,Female,Mumbai,16,732.49,5,1,0,0
1264,53,Female,Chennai,14,1768.76,11,1,1,0
1265,36,Male,Chennai,10,1519.25,7,3,0,1
1266,43,Male,Bangalore,7,2220.29,10,1,1,0
1267,20,Female,Bangalore,45,1088.4,9,2,0,1
1268,36,Female,Bangalore,52,2044.35,8,1,1,0
1269,37,Male,Mumbai,37,2079.62,8,0,0,0
1270,49,Female,Mumbai,29,1523.54,11,0,0,0
1271,24,Male,Chennai,3,414.57,12,0,1,0
1272,69,Male,Bangalore,15,1243.72,8,1,0,0
1273,58,Male,Mumbai,36,2392.94,8,1,0,0
1274,50,Male,Delhi,47,1648.53,6,0,0,0
1275,57,Female,Chennai,46,1846.7,13,1,0,0
1276,56,Female,Pune,52,1455.42,4,1,1,0
1277,35,Male,Chennai,19,1388.28,12,1,0,0
1278,57,Male,Pune,13,566.33,4,3,0,1
1279,18,Male,Bangalore,42,1897.37,12,1,0,0
1280,28,Male,Pune,21,2039.84,9,1,0,1
1281,45,Male,Bangalore,37,1024.57,10,2,1,1
1282,42,Female,Delhi,27,1410.57,10,1,0,0
1283,67,Female,Pune,55,1343.13,8,2,1,0
1284,40,Female,Chennai,52,1710.08,6,1,0,0
1285,48,Female,Bangalore,29,1227.82,11,0,0,0
1286,47,Male,Chennai,20,1965.67,8,1,1,1
1287,59,Male,Mumbai,25,1535.66,8,0,0,0
1288,52,Male,Bangalore,6,225.29,10,1,0,1
1289,24,Male,Pune,36,1721.36,9,1,0,1
1290,33,Male,Bangalore,2,1998.18,8,0,0,0
1291,43,Female,Chennai,22,923.97,3,1,0,1
1292,65,Male,Delhi,32,1704.36,9,1,1,0
1293,69,Female,Bangalore,16,2414.98,10,2,0,1
1294,66,Female,Pune,18,1556.03,6,1,0,1
1295,19,Female,Mumbai,5,2070.81,6,4,1,0
1296,18,Female,Delhi,54,1278.92,6,0,1,0
1297,65,Male,Mumbai,36,1491.02,7,2,0,0
1298,29,Female,Bangalore,30,1397.69,11,3,0,0
1299,22,Female,Chennai,45,1306.44,7,0,0,0
1300,54,Female,Chennai,19,1426.14,8,0,0,0
1301,49,Male,Pune,23,684.66,7,3,0,0
1302,26,Male,Chennai,34,1334.56,9,2,0,0
1303,58,Male,Delhi,13,2168.9,3,1,0,1
1304,52,Female,Chennai,43,1018.15,4,1,0,0
1305,36,Female,Pune,54,966.93,14,0,0,0
1306,65,Male,Bangalore,29,1530.61,12,1,0,0
1307,33,Female,Bangalore,36,1555.59,12,0,0,0
1308,20,Male,Chennai,22,1688.73,4,2,0,1
1309,37,Male,Mumbai,52,1443.13,9,3,1,0
1310,41,Female,Bangalore,52,1535.93,9,0,1,0
1311,50,Female,Chennai,47,1324.56,9,0,1,0
1312,41,Female,Pune,36,862.1,5,1,0,0
1313,69,Female,Chennai,9,1464.3,12,1,1,0
1314,28,Male,Bangalore,39,1862.3,11,2,0,0
1315,66,Male,Pune,51,1757.53,3,3,0,1
1316,25,Male,Chennai,19,627.88,1,1,1,0
1317,53,Male,Delhi,38,1625.96,9,1,0,0
1318,55,Male,Pune,6,1053.62,9,1,0,0
1319,57,Female,Delhi,52,2196.08,6,0,0,0
1320,37,Male,Mumbai,47,1663.13,12,3,0,1
1321,52,Male,Pune,15,1948.14,10,2,1,0
1322,65,Male,Delhi,57,1510.58,8,3,1,0
1323,42,Female,Bangalore,20,1466.97,8,1,0,0
1324,52,Female,Bangalore,9,2247.92,7,2,1,0
1325,42,Female,Mumbai,32,1986.39,10,7,0,1
1326,46,Female,Pune,4,1558.93,11,2,1,0
1327,35,Male,Pune,50,1400.17,7,1,1,0
1328,63,Male,Pune,18,646.41,8,0,0,0
1329,35,Female,Mumbai,5,1662.28,13,2,0,1
1330,19,Female,Pune,20,1436.95,9,0,0,0
1331,52,Male,Bangalore,23,1776.98,2,4,1,0
1332,33,Male,Delhi,11,1928.91,6,1,0,1
1333,58,Female,Bangalore,37,2116.46,3,0,1,0
1334,53,Female,Bangalore,22,1668.5,5,0,0,0
1335,50,Female,Delhi,58,976.82,12,2,1,1
1336,21,Female,Bangalore,4,425.34,7,1,0,0
1337,50,Male,Mumbai,29,1087.65,8,0,0,0
1338,31,Male,Delhi,44,2166.74,5,1,0,0
1339,38,Male,Bangalore,34,2411.75,9,4,0,1
1340,65,Female,Chennai,13,1381.05,8,2,0,1
1341,37,Female,Bangalore,42,769.52,11,0,0,1
1342,25,Male,Mumbai,9,1175.79,5,1,0,0
1343,24,Male,Pune,42,2068.9,7,2,0,1
1344,20,Male,Bangalore,31,1204.49,7,1,0,0
1345,34,Male,Pune,7,1794.56,3,2,0,1
1346,50,Female,Chennai,4,1584.28,10,2,0,1
1347,65,Male,Bangalore,19,1855.0,7,2,1,0
1348,29,Male,Delhi,42,2409.01,5,1,0,0
1349,68,Male,Pune,30,1794.89,7,1,0,0
1350,39,Male,Chennai,31,1573.46,5,0,1,0
1351,39,Male,Delhi,35,2464.19,7,1,0,1
1352,63,Male,Delhi,57,1674.78,11,0,0,0
1353,47,Male,Delhi,21,1103.53,4,0,0,1
1354,55,Female,Delhi,31,1843.73,10,0,0,0
1355,55,Female,Bangalore,19,1723.73,9,0,1,0
1356,62,Female,Bangalore,31,1346.05,10,3,0,1
1357,68,Female,Bangalore,53,1241.21,10,1,0,0
1358,25,Male,Chennai,32,1350.87,7,1,1,0
1359,44,Female,Chennai,2,1234.06,5,1,0,1
1360,44,Female,Chennai,59,1367.12,7,1,0,0
1361,51,Male,Mumbai,52,1078.6,5,4,1,1
1362,38,Male,Chennai,10,1693.08,3,3,0,1
1363,47,Female,Bangalore,2,1655.6,3,0,0,0
1364,50,Female,Bangalore,2,1672.6,9,3,0,1
1365,45,Male,Mumbai,24,1468.82,10,2,0,1
1366,64,Female,Mumbai,17,1411.17,8,2,0,1
1367,50,Male,Chennai,32,2221.0,6,3,1,0
1368,22,Male,Pune,16,1533.7,5,0,0,1
1369,65,Male,Mumbai,16,2131.88,7,0,0,0
1370,36,Male,Delhi,46,1001.79,7,0,0,0
1371,21,Female,Bangalore,39,1794.59,8,0,1,0
1372,52,Male,Delhi,53,1132.65,9,1,0,1
1373,66,Male,Bangalore,31,1221.92,11,1,0,0
1374,34,Female,Bangalore,43,1294.05,6,1,0,1
1375,61,Male,Mumbai,24,1262.7,8,1,0,0
1376,45,Female,Mumbai,1,1265.2,9,0,0,1
1377,47,Female,Delhi,11,2108.64,7,1,1,1
1378,46,Female,Bangalore,55,1522.71,6,2,0,0
1379,63,Male,Delhi,21,1612.53,8,2,0,1
1380,23,Female,Pune,4,1271.42,9,0,0,0
1381,52,Female,Delhi,7,1928.47,8,2,1,1
1382,58,Male,Chennai,26,1677.53,13,1,0,0
1383,54,Female,Delhi,47,1345.54,9,2,1,0
1384,41,Female,Chennai,50,707.86,9,1,1,0
1385,46,Female,Chennai,12,1608.15,11,1,0,1
1386,66,Female,Chennai,31,1787.84,7,3,1,0
1387,63,Female,Pune,17,1010.58,7,3,0,1
1388,48,Male,Delhi,33,1352.3,6,1,0,0
1389,52,Female,Delhi,11,1768.58,6,1,1,0
1390,50,Female,Pune,28,714.54,12,0,1,0
1391,69,Male,Bangalore,32,1175.57,8,0,1,0
1392,38,Male,Mumbai,1,1688.45,8,0,0,0
1393,49,Male,Delhi,47,2052.51,3,0,1,0
1394,40,Female,Mumbai,28,2592.89,11,2,1,0
1395,50,Male,Pune,53,2479.33,9,2,0,0
1396,20,Female,Bangalore,42,1571.88,12,0,1,0
1397,35,Female,Bangalore,7,1257.89,8,2,1,1
1398,42,Male,Bangalore,2,1961.56,5,2,0,0
1399,59,Male,Pune,42,1228.2,6,2,1,0
1400,48,Female,Chennai,24,1118.95,5,2,1,1
1401,20,Male,Chennai,4,1347.37,7,1,1,0
1402,57,Female,Mumbai,44,1284.66,10,3,0,1
1403,63,Male,Chennai,19,1706.32,6,1,1,1
1404,41,Male,Chennai,26,1198.8,6,2,1,0
1405,67,Male,Bangalore,11,1542.56,8,1,0,1
1406,49,Female,Bangalore,40,2297.48,7,2,1,0
1407,64,Male,Mumbai,50,1561.07,9,1,0,0
1408,39,Female,Delhi,43,2258.37,3,2,0,0
1409,40,Female,Mumbai,11,2101.03,7,0,0,0
1410,19,Female,Mumbai,45,1796.02,11,1,1,0
1411,44,Female,Pune,3,1322.92,13,0,0,0
1412,59,Male,Pune,12,2020.25,6,1,0,0
1413,19,Female,Mumbai,3,1375.01,4,2,0,1
1414,43,Female,Mumbai,42,1499.0,9,0,0,0
1415,34,Male,Mumbai,27,1665.1,5,1,0,0
1416,57,Female,Chennai,49,1497.32,7,0,1,0
1417,50,Male,Pune,54,1139.87,7,2,1,0
1418,26,Female,Mumbai,2,736.45,11,2,0,1
1419,60,Male,Bangalore,49,1979.57,8,2,0,0
1420,65,Female,Bangalore,16,1785.17,6,0,1,0
1421,56,Male,Chennai,2,639.69,7,0,0,0
1422,46,Female,Chennai,54,1126.61,5,0,1,0
1423,59,Female,Delhi,30,1589.53,5,0,0,0
1424,43,Male,Delhi,20,1721.29,7,1,0,0
1425,52,Male,Delhi,38,740.77,6,0,0,1
1426,67,Male,Chennai,28,1455.38,10,1,0,0
1427,42,Male,Chennai,25,1769.83,8,5,0,1
1428,41,Female,Chennai,32,1324.24,10,1,0,1
1429,30,Female,Bangalore,10,1627.91,5,1,0,0
1430,24,Male,Chennai,42,1256.22,7,1,0,0
1431,53,Female,Bangalore,40,1954.6,9,0,0,1
1432,62,Male,Delhi,33,1100.36,5,0,1,0
1433,37,Male,Delhi,13,928.96,9,1,0,0
1434,18,Female,Delhi,56,1514.46,7,2,1,0
1435,25,Female,Mumbai,41,783.24,6,1,1,0
1436,63,Female,Mumbai,54,447.44,12,1,0,1
1437,33,Female,Pune,42,2041.87,11,1,1,0
1438,31,Female,Pune,47,1007.89,5,1,0,1
1439,29,Female,Pune,37,833.17,5,1,0,0
1440,68,Female,Mumbai,54,1094.12,5,3,0,1
1441,40,Male,Mumbai,16,1071.67,8,1,1,1
1442,32,Male,Pune,45,1428.94,5,1,0,0
1443,45,Male,Pune,22,953.26,10,1,0,1
1444,51,Male,Chennai,57,1749.09,12,2,0,0
1445,19,Male,Pune,20,1823.12,7,1,0,1
1446,49,Female,Chennai,50,862.5,8,0,0,0
1447,40,Male,Bangalore,43,1190.95,11,2,1,0
1448,39,Male,Mumbai,27,1238.47,10,2,0,0
1449,68,Male,Pune,41,1417.5,8,1,0,0
1450,42,Male,Mumbai,16,2041.34,11,2,0,0
1451,39,Male,Mumbai,34,2070.16,9,1,0,0
1452,39,Male,Mumbai,32,2749.43,11,0,0,0
1453,66,Male,Bangalore,26,365.31,10,0,1,1
1454,69,Female,Delhi,25,1037.85,5,1,1,0
1455,59,Female,Pune,2,2407.0,13,0,1,0
1456,23,Male,Delhi,12,599.65,6,1,1,0
1457,32,Female,Delhi,40,2395.63,9,1,1,0
1458,60,Female,Delhi,9,1573.68,4,1,1,1
1459,54,Female,Mumbai,12,1592.07,10,1,1,1
1460,50,Female,Chennai,26,860.1,5,1,1,0
1461,25,Male,Mumbai,9,1274.42,9,0,1,0
1462,61,Female,Mumbai,10,2373.69,7,2,1,0
1463,61,Female,Delhi,32,1476.16,11,0,0,0
1464,22,Female,Mumbai,57,1277.75,7,0,0,0
1465,56,Male,Delhi,34,1702.86,6,3,1,0
1466,21,Male,Chennai,48,1403.89,12,3,0,1
1467,23,Male,Pune,20,1672.58,9,0,1,0
1468,62,Male,Delhi,39,1075.13,7,2,1,0
1469,49,Male,Chennai,2,1461.42,8,0,0,0
1470,69,Male,Pune,1,1179.46,7,1,0,0
1471,47,Male,Bangalore,51,598.02,8,1,0,0
1472,64,Female,Delhi,36,1740.98,8,3,0,0
1473,52,Female,Delhi,24,883.11,5,2,0,1
1474,57,Female,Bangalore,54,1417.63,6,2,1,0
1475,69,Male,Bangalore,27,1963.03,7,0,0,1
1476,33,Male,Delhi,2,751.09,9,0,0,0
1477,30,Male,Bangalore,31,1802.34,4,0,0,0
1478,67,Male,Mumbai,57,1350.09,8,1,1,0
1479,59,Male,Pune,14,1016.74,5,0,0,0
1480,47,Female,Pune,2,2511.46,11,1,1,0
1481,36,Female,Pune,29,1499.72,8,0,0,0
1482,34,Male,Mumbai,15,1215.95,6,1,0,1
1483,36,Male,Bangalore,12,1109.89,10,2,0,1
1484,45,Male,Chennai,37,1940.58,10,0,1,0
1485,43,Male,Bangalore,28,1193.97,4,0,0,0
1486,54,Female,Delhi,20,1878.26,13,2,1,0
1487,43,Male,Pune,39,1498.76,11,1,1,0
1488,40,Male,Bangalore,24,2058.09,12,1,1,0
1489,26,Male,Chennai,21,978.73,7,3,0,1
1490,29,Male,Delhi,10,1048.47,12,2,1,1
1491,18,Female,Mumbai,46,1359.5,9,2,1,0
1492,18,Male,Mumbai,14,1400.97,18,0,1,0
1493,64,Male,Chennai,37,1322.72,5,0,1,0
1494,51,Female,Delhi,18,2815.72,5,0,0,0
1495,49,Female,Pune,24,2531.62,10,1,0,1
1496,65,Female,Bangalore,14,1649.53,10,1,1,1
1497,42,Male,Delhi,34,1708.49,10,5,0,1
1498,57,Male,Mumbai,58,1381.78,6,2,1,0
1499,62,Female,Chennai,12,975.09,9,2,1,0
1500,18,Female,Chennai,22,1408.96,11,1,1,0
1501,33,Female,Bangalore,56,1885.56,4,0,1,0
1502,56,Female,Chennai,6,2152.81,3,0,0,0
1503,22,Female,Chennai,36,1997.85,6,2,1,0
1504,39,Female,Delhi,45,745.11,9,1,0,0
1505,46,Male,Pune,36,1355.39,10,1,0,0
1506,20,Male,Bangalore,22,765.57,7,1,1,1
1507,29,Male,Delhi,14,2084.42,5,2,0,1
1508,43,Female,Pune,16,1293.81,9,2,1,1
1509,33,Female,Delhi,36,1476.44,9,2,0,0
1510,68,Female,Delhi,56,1740.03,11,1,1,0
1511,54,Female,Chennai,25,2883.07,7,2,0,0
1512,39,Female,Pune,32,1634.14,8,1,1,0
1513,46,Female,Bangalore,33,1380.86,12,0,1,0
1514,31,Male,Bangalore,45,879.48,4,1,1,0
1515,45,Male,Pune,36,2229.32,4,1,0,1
1516,22,Female,Chennai,20,1409.18,10,1,1,0
1517,64,Male,Mumbai,18,2328.57,7,2,0,0
1518,66,Female,Delhi,38,2052.81,9,0,1,0
1519,47,Male,Chennai,3,1268.52,5,1,0,0
1520,63,Female,Pune,23,803.86,13,0,0,0
1521,69,Female,Delhi,32,1636.28,10,0,0,0
1522,22,Male,Bangalore,45,1192.55,9,0,0,0
1523,29,Male,Mumbai,59,1519.67,8,2,1,0
1524,33,Female,Bangalore,16,2024.52,10,1,0,0
1525,43,Female,Pune,59,673.21,9,3,1,0
1526,43,Male,Delhi,5,1632.31,5,1,0,0
1527,65,Male,Pune,4,1879.8,13,1,1,0
1528,38,Female,Delhi,21,1904.06,5,1,0,0
1529,56,Male,Chennai,40,818.23,21,0,0,1
1530,53,Female,Mumbai,51,1709.67,3,0,1,0
1531,50,Female,Chennai,14,2101.77,5,0,1,0
1532,47,Female,Chennai,39,1671.62,7,0,0,0
1533,54,Female,Pune,31,1442.15,6,1,0,1
1534,40,Male,Mumbai,14,2069.81,6,0,0,0
1535,27,Male,Delhi,6,1152.84,5,3,0,1
1536,22,Male,Delhi,12,735.08,5,0,1,0
1537,53,Male,Bangalore,16,1399.7,7,2,0,1
1538,51,Male,Delhi,17,1767.52,7,3,0,1
1539,69,Male,Pune,45,2019.47,14,2,0,0
1540,48,Male,Chennai,23,1765.25,11,0,0,0
1541,27,Female,Chennai,14,1917.91,7,1,1,0
1542,36,Male,Chennai,7,2022.66,7,2,1,0
1543,49,Male,Mumbai,46,1330.31,6,1,0,0
1544,18,Female,Delhi,32,1426.03,6,2,0,0
1545,22,Male,Pune,15,2143.58,8,1,0,0
1546,62,Male,Mumbai,44,894.92,6,3,1,0
1547,21,Female,Bangalore,17,1714.57,10,0,0,0
1548,33,Male,Pune,41,1141.65,6,1,0,0
1549,41,Male,Pune,54,2050.13,13,2,0,0
1550,33,Male,Pune,47,1491.03,5,0,1,0
1551,19,Female,Chennai,44,1503.8,11,0,1,0
1552,66,Male,Pune,34,2364.44,7,1,0,0
1553,45,Male,Delhi,5,961.98,7,1,0,1
1554,49,Female,Pune,45,1607.91,1,1,1,0
1555,44,Male,Chennai,27,1409.94,14,1,0,1
1556,37,Female,Pune,52,1766.21,3,4,0,0
1557,41,Female,Bangalore,23,2464.67,7,2,1,0
1558,29,Male,Bangalore,40,1197.38,7,0,1,0
1559,67,Female,Chennai,59,901.3,14,1,1,1
1560,52,Female,Delhi,14,1095.34,9,1,0,1
1561,50,Male,Delhi,15,1383.59,6,3,0,1
1562,50,Female,Mumbai,43,1532.12,7,0,0,0
1563,68,Female,Chennai,33,1557.26,10,0,1,0
1564,60,Male,Pune,53,2401.33,8,2,1,0
1565,54,Male,Chennai,31,2312.42,9,4,1,0
1566,29,Male,Mumbai,35,2151.47,12,3,1,0
1567,20,Female,Chennai,17,2757.22,9,1,1,0
1568,18,Male,Chennai,28,1912.05,6,2,0,1
1569,50,Female,Mumbai,19,2054.18,10,0,0,0
1570,57,Female,Delhi,46,1902.39,11,2,0,0
1571,27,Female,Pune,54,1820.45,4,0,0,0
1572,60,Female,Mumbai,23,1697.2,5,1,0,1
1573,61,Female,Bangalore,32,1301.57,9,2,1,0
1574,46,Female,Delhi,40,876.61,9,1,0,0
1575,30,Female,Bangalore,13,1434.67,8,0,1,0
1576,29,Male,Delhi,59,1782.89,11,0,1,0
1577,48,Male,Pune,20,1536.13,6,0,0,0
1578,63,Female,Pune,35,967.33,6,0,0,0
1579,19,Female,Chennai,5,1417.06,6,1,0,0
1580,68,Male,Bangalore,9,1391.0,5,1,0,0
1581,67,Female,Delhi,29,1468.82,14,2,0,1
1582,52,Male,Pune,6,1745.46,10,2,1,0
1583,40,Male,Mumbai,25,1853.13,9,1,1,0
1584,34,Male,Pune,31,1249.97,7,2,0,0
1585,43,Female,Mumbai,22,1990.56,5,2,0,1
1586,25,Female,Delhi,2,2065.82,7,2,1,0
1587,46,Male,Pune,45,1660.15,7,2,0,0
1588,43,Male,Pune,5,1832.38,4,1,0,0
1589,27,Male,Delhi,27,1992.12,6,0,1,0
1590,43,Male,Pune,25,951.18,8,2,0,1
1591,51,Male,Mumbai,8,2027.37,6,1,1,0
1592,68,Female,Pune,55,1104.97,6,0,0,0
1593,58,Male,Bangalore,1,1153.65,12,3,0,1
1594,24,Female,Chennai,20,1598.14,8,0,0,0
1595,21,Male,Mumbai,44,427.98,6,3,1,1
1596,67,Female,Bangalore,23,1587.81,8,1,1,0
1597,62,Female,Delhi,32,1990.89,8,1,0,0
1598,28,Female,Mumbai,11,677.04,10,2,1,0
1599,46,Female,Chennai,39,2044.5,9,1,0,0
1600,53,Female,Chennai,47,1150.61,9,1,0,1
1601,42,Female,Delhi,54,1603.43,14,1,0,0
1602,38,Male,Delhi,24,1223.21,9,1,0,1
1603,53,Female,Mumbai,11,1786.46,12,2,0,0
1604,27,Male,Pune,29,2012.47,8,0,0,0
1605,54,Female,Delhi,54,1823.51,7,1,1,0
1606,26,Female,Pune,26,1498.01,8,3,1,1
1607,41,Male,Bangalore,16,1262.07,8,1,1,0
1608,52,Female,Chennai,35,1465.35,12,2,0,0
1609,66,Male,Pune,20,1827.99,8,2,1,0
1610,52,Male,Chennai,46,1845.13,7,1,0,0
1611,65,Male,Pune,3,1775.41,9,1,1,0
1612,53,Male,Bangalore,1,858.71,6,2,1,1
1613,35,Female,Delhi,58,1488.49,7,0,1,0
1614,66,Female,Bangalore,53,1183.29,6,1,0,0
1615,56,Male,Delhi,47,1832.46,10,0,0,0
1616,49,Female,Delhi,1,1117.51,6,1,1,1
1617,41,Female,Chennai,17,1726.03,10,0,0,0
1618,40,Male,Bangalore,2,1358.91,8,0,1,0
1619,49,Female,Pune,29,560.45,9,2,0,1
1620,54,Male,Bangalore,20,1965.48,11,2,0,0
1621,29,Male,Chennai,6,1487.36,7,4,1,1
1622,66,Female,Delhi,8,2137.99,10,0,0,0
1623,30,Female,Chennai,29,667.35,7,2,0,1
1624,40,Female,Mumbai,48,1354.24,7,6,0,1
1625,42,Male,Mumbai,51,1391.8,8,0,1,0
1626,52,Male,Pune,33,1635.1,9,0,0,0
1627,58,Female,Chennai,3,837.41,9,0,0,1
1628,47,Female,Pune,35,1772.02,8,1,1,0
1629,34,Female,Pune,5,2455.83,9,1,0,1
1630,66,Female,Mumbai,27,1737.27,5,2,0,0
1631,37,Male,Pune,44,1546.44,9,0,0,0
1632,65,Female,Mumbai,12,811.27,8,0,0,0
1633,42,Male,Delhi,20,1112.88,11,2,0,0
1634,39,Male,Chennai,45,1472.08,7,1,1,0
1635,30,Female,Pune,20,1235.11,10,0,1,0
1636,36,Female,Mumbai,9,2013.13,11,1,0,1
1637,66,Female,Bangalore,39,1766.85,8,2,0,0
1638,53,Male,Pune,4,2846.19,8,3,0,1
1639,29,Female,Delhi,51,1009.57,8,1,0,0
1640,58,Female,Delhi,54,1516.56,8,1,1,0
1641,36,Male,Bangalore,19,808.25,7,0,0,0
1642,29,Female,Mumbai,38,388.78,4,1,1,0
1643,26,Male,Pune,27,1861.36,8,1,0,0
1644,24,Female,Mumbai,45,1748.31,6,1,0,0
1645,45,Male,Delhi,43,1072.7,7,3,0,1
1646,31,Female,Mumbai,13,1546.51,8,1,0,1
1647,48,Female,Delhi,13,1185.37,6,2,1,0
1648,69,Male,Mumbai,57,1252.9,12,3,0,0
1649,36,Male,Bangalore,22,1339.86,8,2,0,0
1650,64,Female,Chennai,28,1051.72,11,2,1,0
1651,33,Male,Bangalore,52,1141.68,7,2,1,0
1652,22,Male,Bangalore,47,1155.78,5,1,1,0
1653,52,Male,Chennai,53,1711.44,9,0,0,0
1654,29,Male,Chennai,45,112.89,8,2,1,0
1655,42,Female,Pune,22,1386.19,12,3,0,1
1656,69,Female,Pune,43,956.16,7,2,1,0
1657,38,Male,Bangalore,19,974.22,8,0,1,0
1658,53,Male,Bangalore,8,1237.17,6,3,0,1
1659,40,Male,Delhi,52,1492.83,11,0,0,0
1660,33,Male,Delhi,8,1392.79,15,1,1,0
1661,56,Female,Pune,42,967.97,14,2,0,0
1662,62,Female,Pune,26,1860.85,8,1,1,0
1663,59,Male,Delhi,48,1048.7,9,2,0,0
1664,56,Male,Delhi,51,1132.65,8,2,1,0
1665,31,Male,Mumbai,26,1642.25,7,2,1,1
1666,48,Female,Mumbai,23,1660.18,3,1,0,0
1667,22,Male,Delhi,43,1194.15,6,3,0,0
1668,52,Female,Mumbai,13,100.0,6,0,0,1
1669,40,Male,Chennai,28,1057.25,10,1,0,0
1670,46,Female,Pune,9,1580.94,6,2,0,1
1671,60,Male,Pune,20,1844.3,8,3,1,0
1672,28,Female,Delhi,56,1460.35,9,0,1,0
1673,35,Male,Bangalore,19,1260.51,8,1,1,0
1674,64,Male,Delhi,48,2646.61,11,3,1,0
1675,29,Male,Mumbai,39,1313.76,8,2,1,0
1676,26,Female,Bangalore,51,1806.12,6,2,1,0
1677,27,Male,Mumbai,12,832.47,12,0,1,0
1678,61,Female,Chennai,15,954.92,6,4,0,1
1679,34,Female,Mumbai,31,1823.66,10,2,0,0
1680,55,Male,Chennai,55,2022.28,12,2,0,1
1681,24,Male,Chennai,14,1305.14,6,4,1,1
1682,63,Male,Mumbai,11,575.68,5,0,0,0
1683,30,Female,Mumbai,26,1416.22,9,0,0,0
1684,57,Male,Chennai,42,1594.7,11,3,0,1
1685,59,Female,Bangalore,27,1549.41,10,1,1,0
1686,26,Female,Chennai,11,1218.31,10,3,1,1
1687,67,Male,Pune,38,1423.56,9,2,0,1
1688,44,Male,Chennai,34,1125.11,9,1,1,0
1689,19,Male,Bangalore,43,944.08,11,1,1,0
1690,22,Male,Pune,19,1877.83,6,0,0,0
1691,46,Male,Delhi,6,1548.9,4,0,0,0
1692,54,Male,Delhi,46,1424.66,13,1,0,0
1693,55,Female,Bangalore,52,1246.43,9,3,0,0
1694,36,Female,Chennai,38,1409.91,8,1,1,0
1695,25,Female,Mumbai,49,1580.16,7,0,1,0
1696,65,Male,Bangalore,42,2364.34,6,6,1,1
1697,62,Female,Pune,28,1827.27,10,1,0,0
1698,18,Female,Pune,1,1166.85,8,3,1,1
1699,39,Female,Delhi,35,1172.12,7,0,0,0
1700,69,Female,Pune,40,1094.16,6,1,0,1
1701,34,Female,Bangalore,8,1399.74,6,1,0,1
1702,24,Male,Pune,59,1093.77,11,1,1,0
1703,42,Male,Bangalore,52,1737.41,7,0,1,0
1704,62,Female,Mumbai,54,178.24,5,0,0,0
1705,21,Female,Delhi,47,1767.58,11,5,1,0
1706,53,Female,Pune,56,1637.69,9,1,0,1
1707,23,Male,Bangalore,7,2131.37,4,0,0,0
1708,48,Male,Chennai,11,1938.39,8,0,0,0
1709,36,Female,Delhi,39,1158.15,4,1,0,1
1710,61,Male,Mumbai,4,1882.15,9,2,1,0
1711,56,Male,Bangalore,25,1415.97,9,2,1,1
1712,44,Female,Mumbai,12,532.85,4,1,0,1
1713,27,Male,Mumbai,26,1579.42,9,0,0,0
1714,43,Male,Pune,38,1187.87,8,1,1,0
1715,36,Female,Pune,46,1500.11,7,0,0,0
1716,56,Male,Bangalore,12,2325.72,5,3,0,1
1717,20,Male,Chennai,43,1612.39,9,2,0,0
1718,62,Female,Bangalore,51,991.33,5,2,0,1
1719,30,Male,Chennai,53,1982.21,9,2,0,0
1720,67,Male,Mumbai,37,1681.27,7,0,0,0
1721,45,Female,Delhi,46,932.42,9,0,0,0
1722,37,Female,Bangalore,53,696.88,7,1,0,1
1723,45,Female,Bangalore,24,1011.33,10,1,0,1
1724,25,Male,Chennai,16,1918.15,8,3,1,0
1725,58,Female,Mumbai,57,1349.2,6,3,1,0
1726,56,Male,Mumbai,13,1540.57,9,0,0,0
1727,18,Female,Chennai,25,830.74,4,0,0,0
1728,20,Male,Mumbai,54,1931.61,8,0,0,0
1729,30,Female,Pune,54,492.41,9,5,0,1
1730,45,Female,Delhi,57,1172.31,11,0,1,0
1731,66,Female,Bangalore,52,1709.23,6,4,0,0
1732,42,Female,Delhi,54,938.68,5,0,0,0
1733,50,Male,Bangalore,4,1807.06,10,2,0,1
1734,55,Female,Pune,11,1065.4,5,1,0,1
1735,23,Female,Mumbai,32,886.96,9,1,0,0
1736,61,Male,Chennai,49,2143.24,6,0,1,0
1737,62,Female,Pune,7,1576.97,10,4,1,0
1738,49,Male,Delhi,46,1759.52,4,1,0,0
1739,62,Female,Chennai,58,2009.1,10,1,1,0
1740,64,Female,Mumbai,11,190.35,5,0,0,0
1741,38,Female,Pune,28,1817.39,7,2,0,0
1742,33,Male,Chennai,54,1119.49,5,0,1,0
1743,38,Female,Pune,41,1185.36,8,0,0,0
1744,28,Female,Pune,23,1718.72,6,2,1,1
1745,54,Female,Mumbai,45,1318.48,9,0,1,0
1746,53,Male,Bangalore,23,1797.26,5,0,1,0
1747,52,Male,Chennai,50,1479.58,13,1,1,0
1748,36,Female,Mumbai,28,1584.1,8,0,0,0
1749,37,Male,Pune,43,1254.89,10,0,1,0
1750,35,Female,Mumbai,47,967.53,6,0,0,0
1751,64,Female,Bangalore,57,1129.84,6,1,1,0
1752,58,Female,Chennai,26,1448.59,8,3,0,1
1753,66,Female,Bangalore,25,2418.62,10,0,1,0
1754,31,Female,Delhi,54,2235.95,15,1,1,0
1755,32,Female,Chennai,29,1173.35,10,1,1,0
1756,48,Female,Bangalore,19,1530.13,11,0,1,0
1757,18,Male,Pune,33,1356.14,8,0,1,0
1758,20,Male,Chennai,36,1565.13,9,1,0,1
1759,33,Male,Chennai,14,1629.46,6,0,1,0
1760,40,Male,Mumbai,14,1763.76,7,0,1,0
1761,28,Male,Pune,35,100.0,5,2,1,1
1762,29,Male,Delhi,30,1683.25,12,1,1,0
1763,27,Male,Bangalore,28,1300.54,5,3,0,1
1764,49,Female,Mumbai,17,1147.53,13,0,0,1
1765,33,Female,Bangalore,3,1897.13,11,1,1,1
1766,25,Female,Delhi,16,2233.41,8,1,0,0
1767,55,Female,Delhi,46,1844.5,5,1,0,0
1768,29,Male,Chennai,30,1240.72,11,0,1,0
1769,41,Male,Delhi,52,962.0,7,1,0,0
1770,45,Female,Bangalore,29,100.0,12,1,1,0
1771,25,Female,Pune,45,1591.26,7,1,1,0
1772,45,Male,Pune,15,1789.51,6,1,0,1
1773,53,Female,Chennai,46,1449.07,7,1,1,0
1774,43,Female,Bangalore,56,1966.87,7,1,0,0
1775,25,Female,Bangalore,25,839.9,3,0,1,0
1776,67,Female,Delhi,51,1414.38,6,1,0,0
1777,45,Male,Bangalore,38,1374.85,9,1,1,0
1778,45,Female,Mumbai,42,1444.95,10,2,0,1
1779,54,Female,Delhi,59,2083.97,6,0,1,0
1780,58,Male,Mumbai,47,1447.58,9,1,1,0
1781,53,Male,Chennai,53,1352.6,8,0,0,0
1782,44,Female,Pune,54,1031.65,7,1,1,0
1783,34,Male,Chennai,52,2164.29,10,1,1,0
1784,26,Female,Pune,58,784.4,2,1,1,0
1785,50,Female,Chennai,38,1223.5,8,0,1,0
1786,37,Male,Bangalore,23,2346.97,6,1,0,1
1787,30,Female,Mumbai,25,1734.12,11,1,0,1
1788,45,Female,Pune,42,1489.91,12,1,0,1
1789,65,Female,Delhi,7,1510.85,12,1,0,0
1790,46,Female,Mumbai,22,1026.81,9,1,0,1
1791,30,Male,Delhi,17,1465.74,8,3,1,0
1792,63,Male,Mumbai,18,1325.07,4,2,0,1
1793,52,Female,Mumbai,49,1589.81,12,3,0,0
1794,23,Male,Chennai,41,746.88,4,3,1,0
1795,35,Female,Pune,10,1698.93,5,2,0,0
1796,68,Female,Pune,10,2008.31,5,2,0,0
1797,22,Female,Mumbai,57,1398.09,5,1,0,0
1798,64,Female,Bangalore,7,1823.55,7,3,0,1
1799,42,Female,Bangalore,48,1655.17,7,0,1,0
1800,19,Male,Delhi,50,1196.13,6,1,1,0
1801,27,Female,Delhi,38,970.74,10,1,0,0
1802,47,Male,Chennai,27,1040.81,4,2,0,1
1803,67,Male,Mumbai,52,1646.45,8,3,1,0
1804,62,Female,Delhi,33,1471.93,7,2,1,1
1805,22,Female,Delhi,1,2137.55,6,1,0,1
1806,50,Female,Mumbai,44,1895.44,9,0,1,0
1807,18,Female,Chennai,53,1894.39,8,0,0,0
1808,35,Female,Delhi,34,1631.54,12,0,0,0
1809,49,Male,Chennai,4,1018.9,11,1,0,1
1810,64,Female,Pune,17,1662.67,7,0,1,0
1811,66,Female,Chennai,4,1531.93,6,0,1,0
1812,28,Male,Bangalore,43,930.81,14,0,0,0
1813,38,Male,Bangalore,54,2104.97,6,4,1,0
1814,43,Female,Chennai,26,2051.14,15,1,0,0
1815,42,Male,Bangalore,4,927.93,13,1,0,1
1816,39,Female,Pune,1,1181.1,8,3,0,1
1817,44,Male,Mumbai,7,1225.02,6,4,1,1
1818,66,Male,Bangalore,30,1804.93,4,0,0,0
1819,30,Female,Bangalore,50,1747.36,13,0,0,0
1820,50,Male,Chennai,9,1522.2,15,1,0,0
1821,51,Male,Pune,35,1636.93,8,0,1,0
1822,58,Male,Mumbai,8,856.18,9,0,0,0
1823,52,Male,Chennai,24,1690.68,7,1,0,0
1824,18,Male,Chennai,19,1449.56,7,0,0,0
1825,38,Male,Pune,36,1160.48,7,1,0,0
1826,65,Female,Mumbai,50,733.75,6,0,1,0
1827,23,Female,Pune,52,1513.48,7,3,1,0
1828,45,Male,Mumbai,59,1678.48,5,3,0,0
1829,34,Female,Pune,43,648.76,8,0,1,0
1830,22,Female,Chennai,27,1509.24,8,2,0,0
1831,48,Female,Chennai,32,1561.12,3,0,0,1
1832,22,Male,Delhi,14,1222.89,17,1,0,1
1833,55,Female,Bangalore,57,1689.92,8,1,1,0
1834,20,Male,Pune,18,1433.67,9,1,1,0
1835,40,Female,Delhi,28,1641.59,13,1,1,0
1836,54,Male,Bangalore,29,1767.12,11,1,0,0
1837,54,Male,Pune,16,1767.4,7,4,1,0
1838,27,Female,Mumbai,35,2008.41,13,1,1,0
1839,27,Female,Bangalore,47,1669.16,9,1,0,0
1840,36,Male,Chennai,59,1261.48,11,4,1,0
1841,34,Female,Delhi,59,1176.1,6,1,0,0
1842,38,Female,Bangalore,31,968.35,8,3,1,1
1843,31,Female,Bangalore,4,1575.59,3,0,0,0
1844,26,Male,Chennai,37,2160.66,4,1,1,0
1845,63,Male,Pune,17,1320.77,10,1,1,0
1846,18,Female,Mumbai,39,1724.8,8,2,0,0
1847,68,Female,Chennai,48,1123.86,9,0,1,0
1848,62,Female,Mumbai,46,1597.4,8,0,0,0
1849,30,Male,Pune,26,2129.67,8,1,0,0
1850,21,Male,Bangalore,48,1843.12,8,2,1,0
1851,18,Female,Mumbai,39,714.59,6,2,0,1
1852,66,Female,Delhi,41,1785.35,15,3,0,1
1853,57,Female,Delhi,4,1808.11,5,1,1,0
1854,49,Female,Chennai,30,1586.74,5,2,1,0
1855,51,Female,Pune,30,1833.76,10,1,1,0
1856,45,Female,Chennai,22,1083.25,12,3,1,1
1857,48,Male,Chennai,11,1531.63,8,3,1,1
1858,25,Female,Chennai,2,2055.09,6,0,1,0
1859,56,Male,Delhi,44,2009.97,7,1,0,0
1860,43,Female,Delhi,12,1774.02,3,0,0,0
1861,51,Female,Chennai,30,1058.5,10,4,1,0
1862,20,Male,Delhi,36,979.77,9,0,0,0
1863,67,Male,Pune,18,1557.27,6,1,0,1
1864,29,Male,Chennai,26,1590.39,16,1,1,1
1865,18,Male,Delhi,53,1449.81,10,0,1,0
1866,61,Female,Mumbai,7,1097.61,9,0,0,1
1867,22,Male,Chennai,1,1718.48,8,3,0,1
1868,47,Female,Chennai,58,1555.08,9,3,0,0
1869,47,Male,Pune,26,1644.91,10,2,0,0
1870,34,Female,Bangalore,23,1796.72,10,0,0,0
1871,65,Female,Bangalore,26,1363.18,6,0,1,0
1872,64,Female,Pune,45,1255.62,7,2,0,1
1873,40,Female,Pune,6,2053.78,9,3,0,1
1874,32,Female,Pune,6,1121.32,5,3,1,1
1875,54,Female,Bangalore,44,1265.41,5,1,1,0
1876,38,Male,Pune,8,2117.12,7,3,0,1
1877,31,Female,Delhi,24,1226.49,12,1,0,0
1878,19,Male,Chennai,22,1450.69,14,1,0,0
1879,28,Male,Chennai,19,1294.02,7,2,1,1
1880,68,Female,Mumbai,37,608.39,7,3,0,1
1881,56,Male,Mumbai,18,1438.35,9,0,1,1
1882,55,Female,Chennai,31,994.69,3,0,1,0
1883,51,Male,Delhi,37,1627.29,4,0,0,0
1884,55,Female,Bangalore,30,2052.82,6,1,0,0
1885,67,Male,Bangalore,57,392.91,7,4,1,0
1886,51,Female,Delhi,42,1296.54,10,0,0,0
1887,35,Female,Bangalore,33,1726.16,7,1,0,0
1888,47,Female,Pune,10,408.33,12,6,0,0
1889,32,Female,Chennai,37,2168.13,10,1,0,0
1890,44,Male,Chennai,12,1689.95,5,2,0,0
1891,68,Female,Delhi,54,2041.61,3,0,1,0
1892,51,Male,Bangalore,30,1218.03,12,2,0,1
1893,69,Male,Mumbai,27,1278.34,9,2,1,1
1894,55,Male,Mumbai,39,1419.53,7,2,0,1
1895,50,Female,Bangalore,9,2569.1,13,3,0,0
1896,41,Male,Mumbai,54,2159.05,9,1,0,0
1897,32,Male,Delhi,21,1566.17,12,1,1,0
1898,47,Male,Delhi,12,1627.2,9,1,0,0
1899,59,Female,Bangalore,55,1817.45,9,1,1,0
1900,68,Female,Mumbai,29,2695.78,9,0,0,0
1901,34,Male,Delhi,33,1691.36,3,1,1,0
1902,22,Female,Delhi,43,1522.98,2,0,0,0
1903,46,Female,Pune,53,1330.7,8,1,0,0
1904,21,Male,Pune,15,1617.46,4,0,1,0
1905,27,Male,Delhi,2,1206.49,15,0,0,0
1906,34,Female,Bangalore,52,1748.05,10,0,0,0
1907,27,Male,Chennai,39,783.7,8,2,0,0
1908,34,Female,Chennai,53,1369.75,7,0,1,0
1909,37,Female,Delhi,44,1867.32,7,2,0,0
1910,41,Female,Delhi,54,1684.56,11,1,0,0
1911,22,Female,Delhi,18,1268.69,8,0,1,0
1912,51,Female,Bangalore,3,1383.99,7,1,0,0
1913,23,Female,Pune,7,2017.67,9,1,0,0
1914,19,Male,Delhi,43,894.8,3,3,1,0
1915,30,Male,Delhi,18,897.7,9,0,1,0
1916,60,Female,Mumbai,44,1035.18,9,1,0,0
1917,60,Female,Bangalore,38,1494.66,8,2,1,0
1918,65,Female,Delhi,37,821.63,8,0,0,0
1919,28,Male,Mumbai,58,1976.5,8,2,0,0
1920,68,Female,Chennai,33,1037.85,11,1,0,1
1921,64,Male,Delhi,44,1612.18,10,1,0,0
1922,40,Female,Delhi,59,1210.46,8,4,0,1
1923,33,Female,Mumbai,31,1467.25,12,1,1,1
1924,48,Male,Bangalore,58,698.33,10,0,0,0
1925,28,Male,Delhi,11,2000.66,13,0,0,0
1926,33,Female,Chennai,4,1019.25,9,0,0,1
1927,25,Female,Delhi,59,966.89,10,1,0,0
1928,21,Female,Chennai,18,2689.5,5,0,0,0
1929,57,Male,Pune,4,1777.15,6,3,0,1
1930,21,Male,Pune,49,1981.21,7,0,0,0
1931,42,Male,Chennai,34,1729.45,6,0,1,0
1932,20,Male,Bangalore,29,1273.76,7,1,0,1
1933,49,Male,Delhi,24,846.58,10,1,1,1
1934,20,Male,Delhi,22,1350.59,8,2,1,0
1935,44,Female,Pune,2,1010.92,8,2,0,1
1936,46,Female,Chennai,44,1040.94,6,0,0,0
1937,49,Male,Delhi,6,708.41,5,1,0,0
1938,67,Female,Delhi,42,1557.24,6,0,0,0
1939,68,Female,Bangalore,25,2286.71,5,2,1,0
1940,36,Male,Mumbai,55,1779.07,8,2,0,0
1941,38,Female,Pune,57,1447.1,5,1,0,1
1942,22,Male,Pune,21,1479.71,4,0,0,0
1943,35,Male,Mumbai,55,100.0,5,0,0,1
1944,45,Female,Delhi,59,1288.08,8,2,0,0
1945,59,Male,Bangalore,16,786.66,6,2,0,1
1946,39,Male,Bangalore,31,1567.21,8,1,0,1
1947,38,Male,Pune,14,1370.01,9,3,0,1
1948,23,Male,Bangalore,39,1065.35,13,2,0,0
1949,18,Male,Mumbai,28,1555.95,9,0,1,0
1950,22,Male,Delhi,32,1551.64,7,1,0,0
1951,58,Male,Mumbai,28,2259.31,7,1,0,0
1952,29,Male,Chennai,51,1843.21,8,3,0,1
1953,43,Female,Pune,55,1608.49,6,3,1,0
1954,63,Female,Bangalore,49,1026.24,7,2,0,0
1955,51,Female,Chennai,9,963.28,13,0,0,0
1956,66,Male,Bangalore,58,1799.42,9,0,0,0
1957,31,Male,Delhi,45,1399.97,6,2,1,0
1958,43,Female,Delhi,22,1624.68,12,1,1,1
1959,62,Female,Delhi,32,1989.0,11,2,0,0
1960,44,Female,Bangalore,5,743.43,9,0,0,0
1961,26,Male,Chennai,23,2198.52,9,4,0,1
1962,43,Female,Delhi,5,1984.69,8,3,0,1
1963,64,Female,Chennai,42,472.78,3,1,1,0
1964,39,Male,Bangalore,53,2676.55,9,1,1,0
1965,64,Female,Chennai,32,1660.69,7,1,0,0
1966,47,Male,Bangalore,59,1260.73,6,1,1,0
1967,60,Male,Bangalore,10,1759.53,9,1,0,0
1968,65,Male,Pune,59,1011.26,6,1,0,0
1969,34,Female,Bangalore,39,1773.06,9,2,0,0
1970,43,Female,Bangalore,58,1103.25,7,2,0,0
1971,53,Male,Mumbai,15,2510.18,8,1,0,0
1972,18,Female,Delhi,7,1530.05,8,0,0,0
1973,25,Female,Pune,29,1824.91,12,2,0,0
1974,66,Female,Pune,59,1106.97,12,0,0,1
1975,52,Female,Pune,47,1908.25,6,0,1,0
1976,69,Male,Mumbai,3,1493.71,11,0,1,0
1977,32,Female,Bangalore,19,794.07,12,1,0,0
1978,64,Male,Delhi,10,1380.62,14,0,1,0
1979,39,Male,Chennai,28,2465.56,6,2,1,0
1980,31,Female,Bangalore,29,1929.49,9,0,1,0
1981,43,Male,Mumbai,15,1310.51,5,0,0,1
1982,45,Female,Bangalore,35,565.42,10,0,0,1
1983,40,Female,Bangalore,6,1083.75,9,4,0,1
1984,31,Male,Mumbai,12,796.76,6,2,0,1
1985,41,Male,Pune,47,577.5,5,1,0,1
1986,19,Male,Pune,38,1892.8,8,1,1,0
1987,62,Male,Delhi,13,1531.19,7,1,0,1
1988,43,Female,Delhi,29,2397.55,5,0,0,0
1989,31,Female,Pune,19,1001.18,7,1,0,0
1990,68,Female,Chennai,3,1498.86,9,2,0,0
1991,24,Male,Bangalore,8,802.91,7,1,1,1
1992,20,Male,Chennai,8,1202.56,8,2,1,1
1993,64,Male,Bangalore,55,1388.95,12,1,1,0
1994,40,Female,Pune,58,1312.67,10,1,0,0
1995,63,Male,Delhi,20,1526.77,9,1,0,1
1996,60,Female,Delhi,47,1985.8,6,0,1,0
1997,64,Male,Chennai,4,1933.21,7,2,0,0
1998,62,Female,Delhi,51,1115.33,11,0,0,0
1999,35,Female,Pune,21,1484.82,8,0,0,0
2000,55,Male,Chennai,3,1897.05,2,0,1,0
2001,52,Male,Bangalore,45,2017.87,6,0,1,0
2002,68,Female,Delhi,8,1169.42,12,1,0,1
2003,32,Female,Mumbai,23,1854.08,9,1,0,0
2004,42,Male,Delhi,16,1665.57,6,0,1,0
2005,54,Male,Bangalore,13,967.01,12,0,0,0
2006,45,Female,Chennai,3,1900.08,6,0,0,0
2007,27,Male,Bangalore,48,1575.77,9,0,0,0
2008,56,Female,Mumbai,9,629.3,6,2,0,0
2009,34,Female,Pune,14,1353.07,4,1,0,1
2010,56,Male,Delhi,13,1519.93,9,0,0,1
2011,39,Male,Chennai,53,1197.09,6,3,1,1
2012,43,Male,Pune,57,2114.11,4,4,0,1
2013,61,Male,Bangalore,7,2132.23,14,2,0,1
2014,42,Male,Chennai,15,1308.75,4,1,0,1
2015,34,Female,Pune,7,1253.89,8,3,0,0
2016,30,Female,Chennai,38,1434.38,8,1,1,0
2017,37,Male,Mumbai,34,1399.96,8,2,0,1
2018,42,Male,Mumbai,41,1203.75,9,1,1,0
2019,21,Male,Delhi,22,100.0,11,1,0,0
2020,27,Female,Delhi,24,2377.41,7,0,1,0
2021,20,Male,Mumbai,49,1500.21,16,0,1,0
2022,58,Male,Chennai,37,1410.84,12,3,1,0
2023,62,Female,Mumbai,44,1662.58,4,3,1,1
2024,35,Female,Delhi,1,1459.97,9,0,0,0
2025,64,Male,Mumbai,10,1284.84,10,2,1,0
2026,53,Male,Mumbai,43,997.18,11,1,1,0
2027,64,Male,Chennai,16,580.69,9,2,1,1
2028,39,Female,Pune,46,822.81,6,1,0,0
2029,51,Male,Delhi,8,941.66,10,0,0,1
2030,64,Male,Chennai,56,1825.46,12,0,0,0
2031,25,Male,Mumbai,49,1862.31,7,0,0,0
2032,57,Female,Mumbai,25,1059.1,7,0,1,0
2033,66,Female,Pune,50,168.17,7,1,0,0
2034,61,Male,Delhi,12,1504.56,6,1,0,0
2035,36,Male,Delhi,25,1289.23,13,0,1,0
2036,59,Female,Bangalore,17,1276.87,9,3,1,0
2037,58,Female,Delhi,26,1977.97,8,2,0,1
2038,54,Female,Pune,46,1569.33,5,1,0,0
2039,23,Female,Bangalore,48,1011.81,5,1,1,0
2040,69,Female,Bangalore,14,896.79,12,1,0,1
2041,43,Female,Mumbai,41,1368.69,9,4,1,1
2042,51,Female,Mumbai,36,1046.79,14,2,0,1
2043,62,Female,Delhi,57,1463.8,14,1,0,0
2044,23,Female,Bangalore,23,2013.07,9,2,1,0
2045,54,Male,Mumbai,43,810.11,4,1,1,1
2046,50,Male,Pune,6,1543.89,12,1,0,1
2047,39,Male,Mumbai,47,1957.52,7,1,1,0
2048,38,Female,Mumbai,5,1456.91,8,2,0,0
2049,23,Male,Bangalore,43,1860.79,13,3,0,0
2050,23,Female,Bangalore,25,1356.36,11,0,1,0
2051,65,Female,Chennai,18,1585.41,6,0,1,0
2052,21,Male,Pune,13,1720.39,7,1,1,0
2053,47,Female,Bangalore,43,1214.0,6,3,0,0
2054,28,Male,Delhi,14,2495.34,9,0,1,0
2055,47,Male,Pune,28,1788.79,1,1,0,0
2056,48,Male,Pune,18,2151.49,11,1,0,0
2057,41,Female,Bangalore,59,2035.51,10,4,0,0
2058,26,Male,Pune,57,1663.64,7,0,1,0
2059,20,Female,Bangalore,28,2192.89,9,0,0,0
2060,68,Male,Mumbai,51,1593.96,7,0,0,0
2061,48,Male,Chennai,56,1135.11,5,2,1,0
2062,57,Male,Mumbai,27,1507.41,4,5,0,1
2063,54,Female,Bangalore,32,996.92,4,2,1,0
2064,53,Female,Bangalore,47,449.15,7,0,0,1
2065,41,Female,Mumbai,9,1073.73,8,1,1,1
2066,48,Male,Delhi,40,1536.44,9,2,0,1
2067,23,Male,Delhi,32,2030.96,4,0,0,0
2068,19,Female,Delhi,20,1072.24,5,1,1,0
2069,37,Female,Bangalore,28,2005.08,2,0,1,0
2070,45,Female,Pune,33,894.66,7,1,0,0
2071,28,Female,Bangalore,4,1040.24,8,1,0,1
2072,21,Female,Pune,46,2224.58,8,3,0,0
2073,32,Female,Mumbai,57,1523.81,7,1,0,0
2074,23,Male,Chennai,34,1413.19,3,1,0,0
2075,66,Female,Pune,48,1617.64,8,1,0,0
2076,47,Male,Delhi,3,896.8,3,1,0,0
2077,55,Male,Bangalore,26,1334.58,10,0,0,0
2078,68,Female,Mumbai,8,1501.33,10,4,0,1
2079,19,Female,Delhi,6,2115.69,6,1,0,0
2080,32,Male,Mumbai,16,664.79,4,0,1,0
2081,28,Female,Chennai,24,2381.5,5,0,1,0
2082,25,Female,Bangalore,48,1437.68,9,1,0,0
2083,43,Male,Bangalore,39,944.72,3,1,0,0
2084,68,Male,Chennai,30,854.18,7,0,0,0
2085,62,Male,Bangalore,45,1636.57,10,1,0,0
2086,61,Female,Pune,13,826.4,6,2,0,0
2087,22,Male,Mumbai,5,1219.94,9,2,0,1
2088,23,Female,Delhi,25,1375.05,9,2,1,1
2089,43,Male,Chennai,20,2071.84,10,0,0,0
2090,21,Male,Pune,54,2009.23,8,1,1,0
2091,36,Male,Delhi,18,1178.5,9,1,0,1
2092,37,Female,Delhi,47,1393.66,6,1,0,0
2093,50,Female,Chennai,18,702.31,8,0,0,0
2094,37,Male,Pune,2,480.45,11,1,0,1
2095,66,Male,Delhi,10,885.47,7,4,0,1
2096,29,Male,Delhi,55,2061.55,8,0,1,0
2097,64,Female,Pune,45,1890.04,5,2,1,0
2098,18,Male,Bangalore,50,1691.72,10,0,0,1
2099,43,Female,Delhi,47,771.19,9,1,1,0
2100,31,Male,Mumbai,12,1144.17,3,0,0,0
2101,55,Male,Pune,47,1071.09,8,1,0,0
2102,54,Male,Delhi,13,1417.0,4,0,1,0
2103,28,Male,Chennai,50,1385.47,8,2,1,1
2104,53,Male,Mumbai,47,999.02,4,1,0,0
2105,30,Male,Delhi,57,1674.61,9,1,0,0
2106,60,Female,Mumbai,55,1614.47,8,0,0,0
2107,20,Male,Mumbai,11,1135.59,7,3,0,1
2108,50,Female,Bangalore,19,1652.14,7,1,1,0
2109,23,Male,Mumbai,35,2062.14,15,3,0,1
2110,67,Male,Bangalore,39,2214.03,3,2,1,0
2111,27,Female,Pune,53,1745.33,11,3,1,0
2112,22,Male,Bangalore,26,1730.63,7,0,0,0
2113,40,Female,Chennai,46,1379.93,7,2,0,0
2114,27,Female,Delhi,14,2014.86,10,1,1,0
2115,61,Male,Pune,54,964.82,2,4,0,1
2116,19,Female,Pune,45,1956.93,9,1,0,0
2117,30,Female,Chennai,44,1356.2,6,0,0,0
2118,57,Male,Bangalore,24,2245.47,7,0,0,0
2119,19,Female,Delhi,41,1794.1,7,1,0,0
2120,37,Male,Bangalore,1,1466.07,13,3,0,0
2121,18,Male,Mumbai,51,1381.76,6,5,1,1
2122,54,Male,Bangalore,43,1762.81,7,2,1,0
2123,26,Male,Pune,55,1738.56,10,1,0,0
2124,34,Female,Delhi,22,1300.83,7,2,0,0
2125,26,Male,Bangalore,23,1545.92,6,3,0,1
2126,28,Male,Delhi,56,1948.2,14,4,0,0
2127,32,Female,Delhi,54,818.32,10,2,1,0
2128,41,Male,Mumbai,19,1862.94,9,1,1,0
2129,55,Male,Mumbai,18,1760.61,11,0,0,0
2130,52,Female,Pune,12,2093.32,7,1,1,0
2131,47,Female,Chennai,55,1142.17,5,3,1,0
2132,48,Female,Delhi,28,1502.86,4,4,0,1
2133,66,Female,Chennai,28,1602.53,6,1,1,0
2134,22,Female,Pune,59,1869.4,4,2,0,0
2135,61,Female,Delhi,33,1714.56,10,0,1,1
2136,67,Female,Delhi,19,880.22,13,0,0,0
2137,31,Male,Chennai,28,1645.52,6,1,0,1
2138,28,Female,Bangalore,59,2502.11,12,2,1,0
2139,26,Female,Mumbai,52,1805.88,8,1,0,0
2140,51,Female,Bangalore,49,2319.02,6,2,1,0
2141,29,Male,Chennai,37,2021.53,8,0,0,0
2142,52,Male,Mumbai,26,2181.2,9,0,1,0
2143,52,Female,Bangalore,35,1654.98,11,3,0,0
2144,18,Female,Mumbai,34,1760.92,6,2,1,0
2145,57,Female,Delhi,35,1627.76,12,1,0,1
2146,39,Male,Bangalore,40,1502.17,11,2,0,0
2147,46,Male,Mumbai,16,1871.1,9,0,0,0
2148,25,Female,Mumbai,38,1239.5,7,4,1,1
2149,28,Male,Mumbai,13,2442.69,7,2,0,0
2150,58,Female,Bangalore,23,1035.99,9,0,1,1
2151,54,Male,Pune,54,1905.69,11,2,0,1
2152,31,Male,Bangalore,22,2189.34,5,3,1,1
2153,47,Female,Chennai,16,1411.69,6,1,1,0
2154,52,Female,Bangalore,28,943.51,9,3,1,1
2155,38,Female,Mumbai,48,2077.76,9,2,1,0
2156,54,Female,Delhi,35,1601.7,8,0,0,0
2157,22,Male,Bangalore,45,1906.66,3,0,0,0
2158,36,Male,Bangalore,46,1445.27,9,2,0,0
2159,31,Male,Mumbai,8,2365.96,9,0,0,0
2160,43,Female,Delhi,44,441.5,10,1,0,1
2161,21,Male,Delhi,55,1688.09,4,1,0,0
2162,42,Female,Chennai,55,2170.87,6,2,0,0
2163,62,Male,Bangalore,22,1552.67,8,0,0,0
2164,59,Female,Delhi,21,1651.18,4,3,1,0
2165,42,Female,Delhi,26,1282.99,8,3,0,1
2166,35,Male,Pune,40,1510.34,13,1,0,0
2167,57,Female,Pune,21,664.07,4,2,1,0
2168,25,Female,Delhi,25,1140.78,6,3,0,1
2169,56,Male,Chennai,41,1106.62,5,2,0,0
2170,57,Female,Delhi,1,1834.56,5,1,0,0
2171,31,Female,Mumbai,6,1214.32,4,0,1,0
2172,49,Female,Bangalore,23,1228.76,9,2,0,1
2173,68,Male,Chennai,51,1311.04,4,0,0,0
2174,55,Male,Mumbai,23,1125.68,10,0,0,1
2175,50,Female,Chennai,43,1634.51,6,2,0,0
2176,40,Male,Mumbai,43,1688.82,11,2,1,0
2177,32,Female,Bangalore,23,1912.51,7,1,1,0
2178,50,Female,Bangalore,32,1826.38,12,2,1,1
2179,42,Female,Pune,30,1776.38,7,1,0,0
2180,34,Female,Mumbai,13,1335.52,13,1,1,0
2181,50,Female,Pune,43,1303.45,10,2,0,0
2182,64,Male,Mumbai,18,1064.39,13,4,0,1
2183,19,Female,Pune,23,1055.38,9,0,0,0
2184,31,Male,Bangalore,15,1597.13,11,0,1,0
2185,57,Male,Chennai,33,1140.29,3,1,1,0
2186,57,Female,Pune,21,2234.16,9,1,0,0
2187,68,Female,Mumbai,57,1481.25,5,1,1,0
2188,56,Male,Mumbai,39,2250.7,7,1,1,0
2189,68,Male,Bangalore,23,1785.88,6,2,0,1
2190,23,Male,Mumbai,27,1111.38,12,4,1,1
2191,23,Female,Delhi,45,1468.98,8,1,0,0
2192,20,Male,Chennai,44,663.27,9,1,1,0
2193,24,Female,Pune,18,1595.21,8,1,1,0
2194,68,Female,Chennai,24,1157.12,6,0,0,0
2195,25,Female,Bangalore,51,943.27,8,3,1,0
2196,59,Male,Pune,47,2261.07,3,1,0,1
2197,69,Female,Pune,40,2015.29,6,1,1,0
2198,32,Female,Delhi,51,2001.52,7,4,0,0
2199,64,Female,Bangalore,42,1891.06,3,2,1,0
2200,46,Female,Mumbai,7,882.56,10,0,0,0
2201,50,Female,Delhi,50,1299.76,13,2,1,0
2202,69,Male,Delhi,48,1330.25,7,0,0,0
2203,47,Female,Chennai,20,645.13,7,0,1,0
2204,56,Female,Chennai,27,1221.5,6,1,0,1
2205,44,Male,Chennai,6,1226.95,6,0,0,0
2206,53,Female,Delhi,27,1563.0,5,0,0,0
2207,46,Male,Mumbai,9,2766.19,9,0,1,0
2208,55,Female,Pune,53,1489.55,8,2,0,0
2209,50,Male,Chennai,45,1563.26,9,0,0,1
2210,54,Male,Mumbai,57,1374.89,8,2,1,0
2211,44,Female,Bangalore,31,1868.86,9,0,1,0
2212,50,Female,Chennai,21,963.04,7,3,0,1
2213,21,Female,Pune,26,2448.02,10,4,0,0
2214,39,Male,Bangalore,40,1437.92,5,1,0,1
2215,19,Male,Bangalore,48,1302.41,8,3,1,1
2216,27,Male,Pune,45,1985.02,4,0,1,0
2217,22,Female,Chennai,13,1054.54,8,0,1,1
2218,27,Male,Delhi,49,1859.63,6,0,1,0
2219,50,Male,Pune,23,2202.59,7,2,0,0
2220,55,Female,Pune,20,1379.33,6,3,0,1
2221,30,Male,Pune,37,2526.42,6,0,0,0
2222,48,Male,Bangalore,54,1822.15,8,0,0,0
2223,64,Female,Mumbai,53,1828.35,6,2,1,0
2224,53,Male,Delhi,28,2182.93,10,5,0,1
2225,62,Female,Chennai,17,2315.37,8,0,1,0
2226,41,Female,Chennai,28,1630.92,12,1,1,0
2227,69,Female,Mumbai,41,1898.45,12,1,1,0
2228,32,Female,Pune,2,2198.17,8,1,0,0
2229,46,Female,Delhi,25,919.09,10,2,0,1
2230,25,Male,Chennai,58,635.25,11,0,0,0
2231,22,Male,Chennai,50,1471.22,11,0,1,0
2232,46,Female,Pune,41,623.25,7,0,0,0
2233,64,Female,Mumbai,6,1343.0,10,1,0,1
2234,21,Male,Delhi,11,1657.19,5,1,1,0
2235,29,Female,Mumbai,57,1362.18,15,0,1,0
2236,62,Female,Mumbai,38,1429.2,9,2,1,0
2237,19,Female,Delhi,6,999.17,7,1,0,0
2238,44,Male,Delhi,45,1894.07,7,1,1,0
2239,48,Male,Chennai,11,968.27,8,0,1,1
2240,68,Female,Chennai,14,448.55,6,2,1,1
2241,68,Female,Delhi,2,1396.33,8,1,0,1
2242,53,Male,Bangalore,40,1957.51,6,2,1,0
2243,53,Male,Chennai,3,1539.92,7,2,1,1
2244,43,Female,Bangalore,55,917.6,5,3,0,0
2245,60,Female,Delhi,53,1550.98,8,1,0,0
2246,44,Male,Chennai,35,1719.15,6,1,1,0
2247,22,Male,Mumbai,33,1545.16,5,1,1,0
2248,37,Male,Delhi,24,1367.71,11,3,1,0
2249,28,Female,Pune,19,1743.02,11,1,0,1
2250,27,Male,Bangalore,18,630.79,3,3,0,1
2251,57,Female,Delhi,49,1053.02,4,1,0,0
2252,55,Male,Delhi,52,847.4,11,1,1,1
2253,23,Male,Chennai,24,2174.19,6,1,1,0
2254,25,Male,Chennai,45,1856.02,9,0,0,0
2255,40,Male,Chennai,35,1592.56,3,0,1,0
2256,64,Female,Pune,1,774.69,13,2,1,1
2257,43,Female,Chennai,36,1872.07,8,1,0,1
2258,63,Male,Delhi,25,2193.27,8,1,0,0
2259,60,Female,Chennai,45,1785.75,6,4,0,1
2260,29,Male,Mumbai,49,1482.41,11,3,0,1
2261,43,Male,Chennai,43,1815.86,6,3,0,0
2262,30,Male,Pune,34,1636.46,5,2,1,0
2263,57,Male,Mumbai,25,1963.04,4,0,1,0
2264,35,Female,Delhi,16,1951.84,4,1,0,0
2265,42,Male,Delhi,34,1389.47,8,2,0,1
2266,50,Male,Bangalore,29,1169.68,9,1,1,0
2267,64,Female,Mumbai,19,1300.09,6,1,0,0
2268,57,Male,Bangalore,23,1767.93,7,0,1,0
2269,60,Male,Mumbai,19,1330.28,5,3,0,0
2270,29,Male,Mumbai,25,1124.74,4,3,0,0
2271,61,Female,Pune,16,1499.52,8,1,1,0
2272,53,Male,Bangalore,54,2053.73,9,1,1,0
2273,65,Female,Pune,51,1567.55,7,2,0,0
2274,21,Male,Mumbai,9,1361.89,9,2,0,1
2275,22,Male,Delhi,1,1660.22,4,1,1,0
2276,54,Female,Mumbai,42,1542.02,12,3,0,1
2277,25,Male,Pune,19,533.18,7,0,0,1
2278,59,Male,Bangalore,33,1848.38,7,1,1,0
2279,66,Female,Bangalore,34,1703.73,10,0,1,0
2280,45,Female,Pune,16,1508.09,11,2,1,0
2281,48,Female,Bangalore,44,2031.18,8,1,0,0
2282,26,Female,Chennai,40,2106.5,7,0,0,0
2283,68,Female,Delhi,55,1899.38,6,2,0,0
2284,46,Male,Delhi,18,1074.85,8,1,1,0
2285,31,Female,Delhi,34,1092.14,10,1,1,0
2286,57,Male,Bangalore,25,2058.67,4,2,0,0
2287,58,Male,Bangalore,45,561.39,13,0,0,0
2288,39,Male,Mumbai,6,1425.58,7,0,1,0
2289,28,Female,Mumbai,21,1719.91,8,2,0,1
2290,40,Female,Delhi,58,624.8,5,2,0,0
2291,18,Male,Chennai,6,1617.17,9,1,0,1
2292,63,Female,Mumbai,32,1977.21,12,1,1,0
2293,54,Female,Mumbai,41,757.21,7,0,1,0
2294,38,Female,Bangalore,48,2329.09,6,2,0,0
2295,43,Female,Chennai,43,995.08,10,0,0,0
2296,63,Male,Delhi,39,1787.37,11,1,0,0
2297,53,Male,Mumbai,31,1458.2,5,0,0,0
2298,40,Female,Chennai,42,1534.76,12,2,0,0
2299,18,Male,Chennai,10,858.25,10,4,0,1
2300,68,Female,Delhi,30,2130.24,14,0,1,0
2301,57,Female,Chennai,57,1662.94,8,1,0,0
2302,32,Male,Chennai,52,2310.42,13,2,1,0
2303,38,Male,Chennai,18,871.29,5,4,1,1
2304,64,Male,Mumbai,24,1409.38,8,0,0,0
2305,26,Female,Delhi,52,1604.76,13,0,0,0
2306,26,Male,Chennai,9,1530.19,12,0,1,0
2307,27,Female,Chennai,31,1833.39,6,0,1,0
2308,69,Male,Mumbai,15,1403.04,8,4,0,1
2309,43,Male,Delhi,4,2561.01,8,0,0,0
2310,58,Female,Bangalore,40,1519.92,11,1,1,0
2311,52,Female,Mumbai,9,100.0,11,1,0,0
2312,69,Female,Delhi,45,1542.1,8,3,0,1
2313,42,Female,Chennai,9,2130.73,8,1,1,0
2314,43,Female,Delhi,26,1038.35,5,0,1,0
2315,28,Female,Delhi,4,1006.62,9,3,1,1
2316,55,Female,Delhi,17,1079.81,11,1,0,1
2317,19,Female,Bangalore,16,961.76,8,0,0,0
2318,24,Male,Delhi,15,1260.3,6,0,1,0
2319,35,Female,Bangalore,35,1954.65,7,0,1,0
2320,44,Female,Chennai,57,2263.17,7,1,0,0
2321,51,Male,Bangalore,52,287.87,7,2,1,0
2322,44,Female,Chennai,5,1310.77,5,1,0,0
2323,34,Male,Chennai,55,1651.35,8,1,0,0
2324,60,Male,Bangalore,5,1601.34,9,1,0,0
2325,61,Female,Mumbai,20,2449.97,6,2,1,0
2326,68,Male,Pune,15,494.65,7,1,1,1
2327,41,Female,Delhi,18,205.47,7,1,1,0
2328,42,Male,Pune,47,2531.11,12,1,0,0
2329,24,Male,Delhi,2,1876.72,7,2,1,0
2330,69,Male,Delhi,29,1214.31,7,1,0,0
2331,23,Female,Chennai,13,1585.8,8,2,0,1
2332,41,Female,Delhi,4,1621.61,11,3,1,0
2333,50,Male,Delhi,42,1202.24,6,1,0,1
2334,66,Male,Bangalore,45,1570.89,12,1,0,0
2335,46,Female,Pune,10,1677.41,11,1,0,1
2336,60,Female,Bangalore,31,2507.77,8,0,0,1
2337,39,Male,Delhi,41,1981.73,11,0,0,0
2338,43,Male,Chennai,8,2369.66,10,1,0,0
2339,45,Female,Bangalore,3,828.21,11,0,0,1
2340,67,Female,Bangalore,48,1326.4,5,0,0,0
2341,38,Female,Mumbai,46,1621.12,6,2,1,0
2342,66,Female,Delhi,9,539.45,8,1,0,0
2343,24,Female,Chennai,30,2090.93,5,1,1,0
2344,34,Male,Bangalore,53,1821.1,5,1,1,0
2345,37,Female,Bangalore,11,1316.42,3,0,1,0
2346,58,Male,Chennai,35,1408.33,7,0,1,0
2347,66,Female,Delhi,37,2126.93,12,1,0,0
2348,37,Male,Mumbai,42,1102.28,9,1,0,0
2349,39,Female,Bangalore,13,2147.09,3,2,1,0
2350,45,Female,Mumbai,36,1373.98,8,1,1,0
2351,57,Male,Pune,56,1878.0,11,0,0,0
2352,66,Male,Delhi,13,1543.38,7,2,0,0
2353,24,Female,Pune,12,2616.6,8,3,1,0
2354,18,Female,Pune,37,1056.3,12,1,1,0
2355,49,Female,Pune,10,1213.36,8,0,1,0
2356,30,Female,Delhi,56,746.94,13,1,0,1
2357,47,Female,Delhi,9,951.62,9,0,0,0
2358,40,Male,Chennai,52,1856.56,3,3,0,1
2359,68,Male,Mumbai,7,2300.08,5,0,0,1
2360,36,Female,Mumbai,2,1913.24,4,2,1,1
2361,49,Male,Chennai,54,1497.3,10,2,0,1
2362,47,Male,Chennai,56,1053.19,7,1,0,0
2363,46,Male,Pune,23,1949.21,11,0,0,0
2364,66,Female,Chennai,39,1025.7,12,7,1,1
2365,62,Male,Bangalore,40,825.52,8,0,0,0
2366,46,Female,Mumbai,39,1345.77,7,0,1,0
2367,47,Male,Chennai,21,483.03,6,2,1,0
2368,33,Female,Bangalore,23,809.31,8,1,0,1
2369,57,Male,Bangalore,29,2443.0,7,0,0,1
2370,36,Female,Bangalore,14,716.6,7,1,1,1
2371,35,Female,Bangalore,26,905.93,10,0,1,0
2372,18,Male,Pune,51,1535.92,11,1,0,0
2373,31,Female,Bangalore,5,1561.95,6,0,0,1
2374,68,Female,Pune,55,1382.69,6,1,1,0
2375,64,Female,Pune,31,498.31,8,0,0,0
2376,67,Female,Bangalore,25,1924.24,3,1,0,0
2377,19,Female,Mumbai,31,1278.47,11,0,1,0
2378,45,Female,Bangalore,50,2110.22,9,2,0,0
2379,66,Female,Bangalore,20,1177.59,6,2,1,1
2380,67,Female,Bangalore,44,1991.25,6,2,0,0
2381,47,Male,Mumbai,55,2148.04,10,1,0,1
2382,55,Male,Delhi,17,1266.53,4,2,1,0
2383,68,Female,Delhi,45,1940.23,10,3,0,1
2384,21,Female,Pune,2,835.73,4,0,1,0
2385,18,Male,Pune,25,1631.84,9,1,0,0
2386,25,Male,Mumbai,13,2111.11,9,2,0,0
2387,46,Male,Chennai,58,1759.25,4,1,0,0
2388,56,Female,Delhi,39,2703.11,5,0,1,0
2389,20,Male,Pune,28,1787.18,10,1,0,1
2390,49,Female,Delhi,42,1317.36,9,0,0,0
2391,27,Female,Mumbai,55,2920.44,6,2,0,1
2392,27,Male,Mumbai,6,2316.85,10,0,1,0
2393,36,Female,Chennai,3,698.55,5,3,0,1
2394,63,Female,Chennai,58,1107.92,9,0,1,0
2395,51,Female,Mumbai,35,980.92,10,2,1,1
2396,50,Female,Pune,18,1822.81,5,2,0,1
2397,40,Male,Delhi,11,1785.58,8,1,0,1
2398,45,Male,Bangalore,54,1781.73,9,1,1,1
2399,49,Female,Chennai,20,685.05,9,2,0,1
2400,67,Female,Bangalore,5,1180.95,3,2,1,0
2401,24,Male,Pune,19,1425.36,8,0,0,0
2402,46,Female,Chennai,22,589.04,6,1,0,1
2403,25,Male,Bangalore,59,1064.09,16,1,1,0
2404,18,Female,Pune,19,2178.22,7,1,0,0
2405,20,Female,Delhi,47,722.96,6,3,0,0
2406,41,Male,Pune,16,2227.63,9,0,1,0
2407,40,Male,Chennai,24,2045.57,6,0,1,0
2408,25,Male,Mumbai,41,1354.63,6,1,0,1
2409,64,Male,Delhi,4,1175.56,14,1,1,0
2410,54,Female,Bangalore,15,1915.91,9,3,1,0
2411,20,Male,Chennai,25,1106.13,19,1,1,0
2412,68,Female,Mumbai,44,1131.0,9,3,1,0
2413,50,Male,Pune,55,1488.07,13,3,1,1
2414,45,Male,Mumbai,35,434.88,7,2,1,1
2415,64,Female,Chennai,55,775.01,10,3,0,1
2416,25,Male,Chennai,14,1342.17,7,0,1,0
2417,51,Male,Mumbai,49,1737.85,14,0,0,0
2418,52,Male,Pune,19,1099.21,8,0,0,0
2419,49,Male,Mumbai,38,1401.19,2,1,1,0
2420,41,Female,Chennai,36,693.27,10,1,0,0
2421,31,Female,Chennai,7,1966.24,10,1,1,1
2422,49,Male,Bangalore,30,1610.04,3,1,1,0
2423,63,Male,Bangalore,19,1654.27,12,1,0,0
2424,60,Male,Delhi,49,1744.13,10,0,0,1
2425,33,Female,Chennai,25,1539.06,7,1,0,1
2426,21,Female,Bangalore,16,1258.11,11,3,1,0
2427,69,Female,Mumbai,47,2064.83,6,1,1,0
2428,54,Female,Pune,54,1578.44,13,1,0,0
2429,38,Male,Mumbai,40,1417.14,10,1,1,0
2430,31,Male,Pune,51,1495.67,9,0,0,0
2431,48,Male,Bangalore,8,1485.02,9,2,0,1
2432,65,Female,Delhi,18,1412.12,3,0,0,1
2433,35,Male,Mumbai,28,1723.05,7,1,0,0
2434,24,Female,Mumbai,16,1032.07,10,1,1,0
2435,27,Female,Mumbai,52,1068.6,4,2,0,0
2436,24,Male,Pune,19,1779.63,8,1,1,0
2437,50,Male,Bangalore,42,1427.38,3,0,1,0
2438,40,Male,Mumbai,17,1985.7,9,1,0,0
2439,38,Female,Mumbai,45,1704.44,8,2,0,1
2440,36,Female,Delhi,13,1223.69,8,0,0,0
2441,65,Male,Delhi,7,1787.55,8,1,0,0
2442,36,Male,Bangalore,27,2098.6,10,1,0,0
2443,53,Female,Bangalore,10,1723.49,10,1,0,0
2444,46,Male,Chennai,34,1832.79,6,1,0,0
2445,35,Female,Delhi,36,1414.11,14,0,1,0
2446,19,Female,Chennai,25,1996.52,10,0,0,0
2447,18,Male,Pune,6,1209.65,7,2,1,1
2448,64,Male,Chennai,24,1669.27,9,4,0,1
2449,22,Male,Mumbai,18,2784.75,8,0,1,0
2450,37,Male,Chennai,23,1769.44,7,3,0,1
2451,28,Female,Bangalore,6,1289.64,12,2,1,0
2452,59,Female,Pune,29,1288.35,7,1,0,1
2453,19,Female,Mumbai,25,1464.33,9,4,0,1
2454,20,Male,Chennai,55,1925.62,3,0,1,0
2455,40,Female,Pune,17,1572.89,11,3,1,0
2456,29,Male,Pune,46,1175.74,8,2,1,0
2457,37,Male,Mumbai,24,1174.85,6,0,0,0
2458,22,Male,Chennai,11,1576.02,9,4,1,1
2459,54,Male,Pune,26,1521.2,8,1,0,1
2460,55,Male,Pune,51,1727.49,10,1,0,0
2461,47,Male,Delhi,34,1958.74,10,2,1,0
2462,26,Female,Pune,28,2863.68,8,0,0,0
2463,51,Male,Delhi,3,768.98,9,2,1,1
2464,61,Female,Chennai,11,1843.43,7,1,0,1
2465,52,Female,Chennai,38,1549.15,5,1,1,0
2466,69,Male,Chennai,14,577.71,6,2,1,0
2467,39,Male,Bangalore,51,2124.77,6,1,0,0
2468,61,Male,Chennai,26,1710.59,10,0,0,0
2469,41,Female,Pune,48,1899.9,5,1,1,0
2470,34,Male,Mumbai,21,650.29,14,2,1,0
2471,27,Female,Delhi,54,1389.79,7,3,0,1
2472,47,Male,Bangalore,56,960.4,5,0,1,0
2473,63,Male,Chennai,39,2581.55,8,1,0,0
2474,40,Female,Chennai,30,2072.28,5,1,1,0
2475,49,Female,Mumbai,59,1159.52,8,1,1,0
2476,34,Male,Mumbai,8,731.68,5,1,0,1
2477,67,Female,Bangalore,51,1597.03,10,3,1,1
2478,68,Female,Delhi,20,2046.21,6,0,0,0
2479,34,Female,Chennai,48,632.47,9,1,0,1
2480,31,Female,Bangalore,32,1034.11,7,2,1,1
2481,26,Female,Pune,22,947.21,3,1,0,1
2482,57,Male,Pune,59,1933.47,6,0,0,0
2483,19,Male,Bangalore,7,1315.09,7,1,1,0
2484,62,Female,Chennai,9,1336.03,9,1,0,0
2485,42,Male,Bangalore,45,1587.33,6,2,0,1
2486,56,Male,Chennai,1,1060.86,8,2,0,1
2487,26,Female,Mumbai,29,778.16,8,0,0,0
2488,39,Male,Bangalore,8,2184.84,7,0,0,0
2489,60,Female,Chennai,56,2231.24,10,1,1,0
2490,63,Female,Bangalore,54,1589.79,15,1,0,0
2491,21,Male,Bangalore,4,1626.08,8,0,0,0
2492,43,Female,Chennai,35,2130.51,9,1,0,0
2493,46,Female,Chennai,59,1578.33,5,1,0,1
2494,62,Female,Delhi,3,1290.46,2,1,0,1
2495,51,Female,Bangalore,54,1519.67,3,1,1,0
2496,40,Female,Pune,45,2196.58,5,3,0,0
2497,54,Male,Bangalore,40,1526.66,9,1,1,0
2498,28,Male,Bangalore,7,1165.31,7,1,0,0
2499,23,Female,Chennai,27,1573.5,5,0,0,0
2500,35,Female,Bangalore,1,1828.11,10,2,0,1
2501,38,Male,Bangalore,27,1768.13,14,1,0,0
2502,59,Female,Pune,16,1776.41,6,0,1,0
2503,53,Male,Chennai,38,1086.66,9,0,1,0
2504,58,Female,Bangalore,7,1885.05,8,0,0,1
2505,55,Female,Mumbai,44,1514.23,4,0,1,0
2506,51,Female,Delhi,23,1144.1,5,2,1,0
2507,34,Female,Pune,41,1881.08,9,3,1,0
2508,54,Female,Bangalore,59,1273.18,8,0,0,0
2509,42,Female,Mumbai,11,712.85,12,2,0,1
2510,55,Female,Bangalore,42,999.7,6,1,0,1
2511,29,Male,Bangalore,53,1409.18,12,1,0,0
2512,40,Male,Chennai,33,1789.15,6,2,1,0
2513,59,Male,Chennai,50,1067.97,9,0,1,0
2514,39,Female,Chennai,36,1379.67,4,2,0,0
2515,38,Female,Mumbai,37,891.7,8,2,1,0
2516,44,Female,Bangalore,41,1991.02,12,1,1,0
2517,48,Female,Delhi,59,2358.67,5,0,1,0
2518,23,Female,Pune,17,2304.64,5,2,1,0
2519,44,Female,Chennai,35,1982.49,13,1,1,0
2520,57,Female,Chennai,48,1931.25,5,0,0,0
2521,51,Male,Bangalore,5,464.06,5,3,1,1
2522,29,Female,Bangalore,48,1588.59,7,1,0,1
2523,62,Male,Mumbai,32,1251.95,8,2,0,1
2524,24,Male,Mumbai,3,1940.23,4,3,0,1
2525,27,Female,Chennai,52,231.2,5,3,1,1
2526,62,Female,Bangalore,47,1596.48,4,2,0,0
2527,34,Male,Delhi,35,1392.78,7,0,1,0
2528,43,Male,Pune,52,2059.21,7,1,0,0
2529,38,Female,Bangalore,14,2273.99,17,1,0,0
2530,45,Female,Bangalore,48,1035.58,7,0,0,0
2531,63,Male,Mumbai,31,1058.14,6,2,0,1
2532,19,Female,Pune,31,1615.25,9,1,0,0
2533,60,Female,Chennai,17,2366.88,7,0,0,1
2534,18,Female,Bangalore,24,1530.07,7,3,0,1
2535,68,Male,Chennai,52,860.42,14,5,1,1
2536,53,Male,Bangalore,23,1197.07,9,0,0,0
2537,68,Male,Chennai,18,1601.33,11,0,1,0
2538,43,Female,Pune,50,1620.1,6,3,0,1
2539,46,Female,Mumbai,54,1147.96,4,1,0,0
2540,38,Male,Pune,14,1187.1,7,3,1,0
2541,28,Male,Delhi,50,1009.22,8,0,1,0
2542,57,Male,Mumbai,15,2070.59,5,1,0,0
2543,28,Female,Pune,15,1082.61,5,1,0,1
2544,53,Male,Delhi,6,1267.6,16,2,1,0
2545,66,Male,Bangalore,27,1253.37,7,0,0,0
2546,56,Female,Bangalore,15,697.02,7,2,0,1
2547,57,Female,Chennai,50,1068.29,7,0,0,0
2548,52,Female,Mumbai,36,2114.07,7,1,1,0
2549,51,Male,Bangalore,55,895.36,8,2,1,0
2550,64,Female,Mumbai,8,1018.18,6,0,0,0
2551,41,Female,Bangalore,15,833.73,9,1,0,0
2552,39,Male,Chennai,3,1454.69,4,2,0,1
2553,22,Female,Pune,47,2442.74,6,0,0,0
2554,50,Male,Chennai,13,1433.65,12,0,0,0
2555,53,Male,Delhi,41,1533.38,9,2,0,1
2556,64,Female,Bangalore,34,1102.28,4,2,0,0
2557,37,Female,Delhi,24,1469.19,15,1,1,0
2558,36,Female,Delhi,40,2114.53,10,0,1,0
2559,52,Female,Mumbai,32,1571.45,6,2,1,0
2560,69,Female,Bangalore,32,2565.89,10,2,0,0
2561,60,Female,Delhi,30,2129.74,11,0,1,0
2562,34,Male,Pune,52,1456.84,14,0,1,0
2563,62,Male,Delhi,49,1447.11,5,2,0,1
2564,60,Female,Pune,13,2315.46,7,3,0,0
2565,51,Male,Mumbai,1,1568.66,5,2,1,0
2566,26,Female,Delhi,34,2204.46,6,2,1,0
2567,43,Male,Chennai,15,2501.45,13,1,1,0
2568,19,Male,Mumbai,44,1397.89,14,0,1,0
2569,26,Male,Pune,14,1675.98,9,1,0,0
2570,26,Female,Mumbai,57,1990.0,6,1,0,0
2571,57,Male,Delhi,29,1883.75,10,1,0,0
2572,34,Female,Bangalore,34,1880.25,12,2,1,1
2573,18,Male,Bangalore,18,833.26,13,1,1,0
2574,42,Male,Pune,54,1075.79,5,0,0,0
2575,60,Male,Pune,7,1252.37,4,1,0,0
2576,57,Male,Bangalore,29,2107.21,8,2,0,1
2577,59,Male,Pune,55,882.31,11,1,0,0
2578,42,Female,Mumbai,31,2261.61,9,3,1,0
2579,56,Female,Chennai,25,1889.92,9,2,0,1
2580,52,Male,Chennai,38,2077.12,12,1,0,0
2581,20,Male,Mumbai,14,1035.23,7,2,0,1
2582,67,Male,Chennai,8,1536.15,8,1,0,0
2583,54,Male,Delhi,27,1649.47,8,3,0,1
2584,61,Female,Mumbai,54,1627.48,4,2,0,0
2585,61,Male,Pune,2,1647.83,7,0,0,1
2586,68,Female,Mumbai,17,1361.74,7,2,1,0
2587,47,Male,Bangalore,37,1567.6,13,2,1,1
2588,55,Female,Pune,14,2016.78,7,1,1,1
2589,51,Male,Bangalore,25,916.74,9,1,1,0
2590,29,Male,Pune,56,2273.53,7,3,1,0
2591,36,Female,Chennai,30,1990.95,10,2,1,1
2592,54,Male,Mumbai,29,1017.4,7,2,0,1
2593,61,Male,Delhi,20,1691.92,11,1,0,1
2594,66,Male,Pune,21,1950.75,5,1,0,0
2595,34,Female,Pune,53,882.35,10,1,0,1
2596,27,Male,Bangalore,22,1520.99,10,0,1,0
2597,66,Male,Chennai,35,1460.74,6,1,1,0
2598,64,Female,Bangalore,37,1177.21,9,2,0,1
2599,29,Female,Bangalore,16,1546.18,10,0,1,0
2600,33,Female,Chennai,50,1199.86,10,1,0,0
2601,41,Male,Delhi,58,2187.15,5,1,1,0
2602,36,Male,Bangalore,49,1186.68,13,0,1,0
2603,25,Male,Bangalore,43,1895.99,6,0,1,0
2604,48,Female,Pune,17,672.31,6,0,0,1
2605,38,Male,Chennai,16,1419.1,6,2,0,0
2606,34,Male,Mumbai,58,1506.16,8,1,0,0
2607,40,Female,Delhi,55,1402.85,7,1,0,0
2608,54,Female,Delhi,2,1301.84,10,1,0,0
2609,33,Female,Chennai,4,1166.24,8,2,1,0
2610,23,Female,Pune,21,1877.27,8,0,0,0
2611,25,Female,Pune,39,1999.73,5,2,0,0
2612,42,Male,Chennai,34,1458.92,8,2,0,0
2613,35,Female,Pune,30,951.68,9,3,0,1
2614,42,Male,Delhi,6,2396.97,4,0,1,0
2615,29,Male,Delhi,17,1060.1,11,0,0,0
2616,32,Female,Mumbai,39,770.29,10,0,1,1
2617,43,Female,Chennai,25,493.69,12,0,0,0
2618,58,Female,Bangalore,5,1549.73,4,3,1,0
2619,62,Male,Bangalore,5,1391.29,12,1,0,1
2620,43,Female,Mumbai,20,2015.48,11,1,1,0
2621,64,Female,Mumbai,16,1805.54,11,2,0,0
2622,49,Female,Pune,51,1645.1,9,1,1,0
2623,27,Female,Mumbai,41,1364.32,10,0,1,0
2624,33,Female,Mumbai,37,2054.99,6,4,0,0
2625,24,Male,Bangalore,40,2433.69,6,1,0,0
2626,34,Male,Pune,9,2004.49,13,1,1,0
2627,40,Male,Mumbai,5,1268.23,11,1,0,0
2628,43,Female,Mumbai,42,1890.78,9,1,1,0
2629,38,Female,Pune,57,1298.96,6,1,1,0
2630,39,Female,Chennai,2,947.47,7,2,0,1
2631,24,Male,Pune,9,1050.48,7,1,0,1
2632,31,Female,Bangalore,43,1320.91,9,2,1,0
2633,32,Female,Chennai,36,1551.98,5,1,0,0
2634,24,Female,Delhi,22,2530.29,8,1,0,0
2635,26,Male,Pune,22,1059.16,11,3,1,1
2636,68,Female,Bangalore,22,2161.74,7,0,0,0
2637,65,Male,Chennai,34,1341.37,8,1,1,0
2638,25,Female,Pune,55,491.81,4,0,0,0
2639,67,Male,Mumbai,29,1247.14,10,2,0,0
2640,40,Male,Pune,38,2088.35,8,2,0,0
2641,46,Male,Delhi,59,1672.33,8,3,0,1
2642,35,Female,Pune,46,1702.23,10,2,0,0
2643,48,Female,Chennai,33,2164.25,9,1,1,0
2644,47,Male,Chennai,18,981.83,6,2,1,0
2645,69,Male,Pune,7,974.12,13,0,1,0
2646,56,Female,Chennai,1,368.14,13,1,0,1
2647,52,Female,Mumbai,33,1938.54,11,1,0,0
2648,35,Male,Pune,1,1781.24,8,0,1,0
2649,59,Female,Mumbai,24,1861.98,6,2,0,0
2650,56,Female,Mumbai,4,908.49,5,0,0,0
2651,34,Female,Bangalore,4,697.88,5,1,0,1
2652,31,Female,Pune,18,840.19,7,3,0,0
2653,48,Male,Chennai,27,1038.71,8,1,0,0
2654,41,Female,Mumbai,43,2276.98,7,3,1,0
2655,52,Female,Bangalore,59,2000.06,9,0,1,0
2656,61,Male,Pune,32,1270.89,7,0,0,0
2657,62,Male,Pune,33,1649.63,7,0,1,0
2658,51,Female,Delhi,28,1160.82,10,1,0,0
2659,20,Female,Delhi,42,1682.14,5,1,0,0
2660,54,Female,Mumbai,41,930.95,8,0,1,0
2661,60,Female,Delhi,55,1875.13,9,1,0,1
2662,57,Male,Mumbai,36,1075.15,11,1,0,0
2663,43,Male,Chennai,6,1902.96,9,2,1,1
2664,40,Male,Mumbai,16,1286.29,8,2,1,1
2665,61,Female,Delhi,34,1104.96,8,1,1,0
2666,56,Female,Chennai,23,2306.5,5,1,0,0
2667,32,Female,Delhi,50,1588.47,6,0,0,0
2668,66,Female,Mumbai,42,1338.91,10,1,0,0
2669,21,Male,Bangalore,24,1879.09,14,1,0,0
2670,46,Male,Pune,56,830.0,7,2,1,0
2671,39,Female,Delhi,49,2053.43,8,1,1,0
2672,42,Male,Mumbai,13,1430.28,9,0,0,0
2673,30,Female,Chennai,56,1800.39,5,1,1,0
2674,35,Female,Delhi,18,726.06,16,2,0,0
2675,50,Male,Delhi,54,1308.79,12,0,1,0
2676,33,Female,Pune,13,1502.29,7,1,0,0
2677,62,Female,Mumbai,49,2015.15,13,1,0,0
2678,59,Male,Bangalore,37,1840.21,6,1,0,0
2679,61,Female,Chennai,43,1303.76,9,0,1,0
2680,19,Female,Mumbai,39,1658.97,6,5,0,1
2681,52,Male,Chennai,42,2128.28,3,1,0,0
2682,59,Female,Delhi,17,1400.01,11,0,0,0
2683,51,Male,Pune,15,1345.57,5,0,0,1
2684,47,Female,Pune,18,555.15,6,1,0,0
2685,30,Male,Bangalore,23,1360.46,8,1,1,0
2686,30,Male,Pune,54,630.19,12,1,0,1
2687,35,Male,Delhi,51,1442.83,5,0,1,0
2688,49,Female,Bangalore,30,1994.07,6,0,0,0
2689,49,Male,Mumbai,58,440.18,9,0,0,0
2690,52,Male,Pune,34,2117.1,12,2,0,0
2691,56,Male,Bangalore,58,1334.89,6,2,1,0
2692,63,Male,Delhi,4,1486.42,8,1,0,1
2693,69,Male,Chennai,3,1248.79,6,1,0,0
2694,46,Female,Chennai,7,643.38,7,1,1,1
2695,66,Female,Delhi,56,1108.51,4,2,1,0
2696,46,Female,Delhi,18,2548.71,13,2,1,0
2697,61,Female,Chennai,42,951.98,6,3,1,1
2698,33,Female,Bangalore,7,705.73,10,0,0,1
2699,61,Female,Chennai,40,1570.65,11,2,0,1
2700,64,Female,Delhi,6,1457.11,11,2,1,0
2701,27,Male,Pune,22,1338.34,9,1,0,0
2702,47,Female,Mumbai,58,1507.22,8,2,0,0
2703,42,Male,Pune,1,1822.1,6,1,1,0
2704,56,Male,Pune,4,1206.42,8,2,0,1
2705,37,Female,Delhi,46,1597.21,6,1,0,0
2706,22,Male,Chennai,49,2011.94,6,1,1,0
2707,18,Male,Bangalore,52,1002.36,5,1,1,0
2708,47,Male,Pune,50,338.91,7,1,0,0
2709,66,Male,Chennai,43,1835.4,6,1,0,0
2710,20,Female,Bangalore,29,2751.48,5,2,0,1
2711,62,Female,Pune,21,1496.32,6,3,0,1
2712,31,Female,Bangalore,26,1600.97,8,0,0,0
2713,47,Female,Chennai,14,1352.1,9,0,0,0
2714,67,Female,Mumbai,9,2294.03,9,0,1,0
2715,21,Female,Chennai,59,1461.12,9,0,0,0
2716,35,Female,Delhi,47,1406.72,9,2,1,0
2717,54,Female,Bangalore,12,1955.43,5,0,0,0
2718,42,Female,Mumbai,42,1257.86,7,1,1,0
2719,65,Female,Bangalore,51,857.65,10,1,0,0
2720,18,Male,Bangalore,56,1941.15,8,3,0,0
2721,63,Female,Pune,51,1204.23,7,0,0,0
2722,32,Male,Delhi,6,1012.27,9,3,1,1
2723,26,Male,Bangalore,20,2550.02,9,0,1,0
2724,32,Male,Chennai,24,1410.7,7,1,1,0
2725,66,Male,Chennai,27,1747.11,6,1,1,0
2726,41,Female,Pune,38,1514.76,7,0,0,0
2727,21,Male,Delhi,8,1056.84,10,3,0,0
2728,29,Female,Delhi,1,1844.72,6,1,0,0
2729,54,Female,Chennai,54,1657.29,9,0,0,0
2730,54,Male,Mumbai,49,1170.31,9,2,1,1
2731,60,Female,Pune,49,1716.6,3,0,1,0
2732,23,Male,Pune,24,1242.84,7,1,0,0
2733,56,Male,Chennai,47,947.75,10,1,1,0
2734,63,Female,Chennai,7,897.17,5,3,0,1
2735,41,Female,Mumbai,19,1635.03,9,1,0,0
2736,28,Male,Mumbai,22,1308.63,7,2,0,0
2737,30,Female,Delhi,57,2250.85,4,0,0,0
2738,51,Female,Pune,55,1478.52,7,1,0,0
2739,42,Female,Pune,35,1107.4,7,0,0,1
2740,24,Male,Chennai,30,1578.91,9,3,0,1
2741,69,Male,Delhi,29,852.87,4,0,0,0
2742,21,Female,Pune,22,1457.93,7,1,0,1
2743,25,Female,Delhi,11,1659.58,10,3,0,1
2744,37,Female,Delhi,20,1597.84,6,1,1,0
2745,46,Female,Chennai,29,2151.4,5,1,1,0
2746,68,Female,Delhi,51,2798.76,7,2,1,0
2747,62,Male,Mumbai,41,1835.7,7,0,0,0
2748,63,Female,Mumbai,42,2089.4,11,0,1,0
2749,27,Male,Bangalore,34,2771.73,10,2,0,0
2750,60,Female,Chennai,1,996.89,5,0,1,0
2751,51,Male,Bangalore,31,1565.31,3,0,0,0
2752,43,Female,Mumbai,30,1261.0,1,3,0,1
2753,58,Male,Bangalore,48,1921.33,5,3,0,0
2754,66,Female,Chennai,18,1635.81,6,2,0,1
2755,20,Male,Chennai,55,1090.78,6,3,0,0
2756,23,Male,Delhi,58,1505.47,13,3,1,0
2757,22,Male,Pune,17,2023.46,6,1,0,1
2758,22,Male,Delhi,38,848.14,11,0,1,0
2759,64,Male,Chennai,14,1101.33,7,3,0,0
2760,40,Male,Mumbai,23,1026.36,11,1,1,1
2761,66,Female,Mumbai,25,1663.2,11,3,1,1
2762,26,Male,Delhi,15,2120.26,6,0,0,1
2763,52,Female,Chennai,46,495.13,5,0,0,0
2764,37,Female,Mumbai,56,1547.2,11,2,1,0
2765,66,Female,Chennai,22,1037.89,4,2,0,0
2766,59,Female,Mumbai,3,2002.7,10,2,0,1
2767,52,Female,Chennai,56,1381.52,8,0,0,0
2768,67,Male,Bangalore,55,1565.34,9,1,0,0
2769,35,Male,Chennai,19,1499.33,4,0,0,0
2770,34,Male,Chennai,57,2062.11,8,2,0,0
2771,41,Female,Delhi,44,2524.32,6,1,1,0
2772,20,Male,Bangalore,34,932.67,8,1,1,0
2773,49,Male,Pune,35,1023.72,15,2,0,0
2774,52,Male,Delhi,50,1660.75,7,1,0,0
2775,55,Male,Pune,1,1091.8,10,1,0,1
2776,30,Male,Mumbai,52,1966.79,10,1,0,0
2777,64,Female,Pune,21,2047.06,12,0,1,0
2778,42,Male,Chennai,29,1226.71,9,1,1,0
2779,26,Female,Pune,6,1118.23,9,1,1,1
2780,21,Female,Delhi,37,1362.61,5,1,1,0
2781,31,Female,Delhi,1,1552.01,7,2,0,1
2782,54,Female,Pune,51,1657.42,16,0,1,0
2783,51,Female,Delhi,1,373.59,6,1,1,1
2784,28,Male,Delhi,27,1016.27,11,2,1,0
2785,58,Male,Pune,21,1297.95,15,1,1,0
2786,20,Male,Bangalore,53,1101.51,13,2,1,0
2787,45,Female,Bangalore,16,100.0,9,1,0,1
2788,46,Male,Mumbai,44,555.81,7,1,1,0
2789,26,Male,Delhi,59,847.32,9,2,1,1
2790,20,Female,Pune,54,1442.36,10,0,0,0
2791,42,Female,Delhi,40,1281.9,6,1,1,0
2792,51,Female,Chennai,26,1184.22,10,2,0,0
2793,29,Female,Delhi,16,1898.26,8,1,1,0
2794,59,Male,Delhi,28,1898.07,4,2,1,0
2795,26,Female,Bangalore,1,1574.96,5,1,0,0
2796,32,Female,Pune,36,1560.06,10,0,1,0
2797,57,Male,Delhi,10,1071.67,6,0,1,0
2798,42,Male,Bangalore,43,1131.5,12,2,1,0
2799,22,Female,Mumbai,17,646.18,8,1,0,1
2800,28,Male,Bangalore,57,1374.62,11,1,0,0
2801,51,Female,Bangalore,59,1892.87,10,1,0,0
2802,41,Female,Bangalore,23,2177.16,12,1,0,0
2803,32,Male,Delhi,7,1377.61,6,1,0,0
2804,55,Male,Delhi,44,1745.83,8,1,1,0
2805,25,Female,Mumbai,53,100.0,11,2,1,0
2806,22,Female,Chennai,7,1283.54,3,1,0,0
2807,65,Female,Chennai,44,1271.82,6,2,0,0
2808,43,Male,Chennai,15,2245.58,12,1,1,0
2809,35,Female,Mumbai,34,1696.47,10,0,0,0
2810,23,Female,Chennai,46,1747.13,10,0,1,0
2811,54,Female,Chennai,45,1721.16,4,0,1,0
2812,65,Female,Bangalore,4,1522.72,7,1,1,0
2813,30,Female,Delhi,14,2266.18,12,2,0,0
2814,45,Male,Delhi,14,347.36,11,0,0,0
2815,22,Female,Bangalore,16,1573.11,7,3,0,1
2816,30,Female,Bangalore,7,2064.9,5,1,0,1
2817,34,Female,Bangalore,32,554.3,8,1,1,0
2818,67,Female,Delhi,19,1918.96,8,1,0,0
2819,57,Male,Chennai,2,1119.42,7,2,0,1
2820,62,Male,Bangalore,10,1554.91,7,2,1,0
2821,49,Male,Mumbai,50,1109.82,8,2,0,0
2822,46,Female,Bangalore,17,1979.58,9,3,0,1
2823,68,Female,Pune,37,1355.82,4,2,1,1
2824,20,Male,Bangalore,12,1922.9,5,2,0,1
2825,57,Male,Delhi,6,1717.66,9,3,0,1
2826,51,Male,Bangalore,22,1103.1,8,2,0,0
2827,57,Female,Pune,32,1750.93,6,0,0,0
2828,44,Female,Mumbai,41,1168.22,4,1,0,0
2829,30,Male,Chennai,20,1532.06,3,0,0,1
2830,62,Male,Bangalore,1,1346.7,8,1,0,0
2831,50,Male,Pune,54,1949.96,6,0,0,0
2832,23,Female,Pune,47,1770.16,7,0,0,0
2833,41,Female,Mumbai,53,1484.64,6,0,1,0
2834,36,Female,Delhi,58,1157.14,14,0,1,0
2835,33,Male,Bangalore,6,865.5,11,1,1,0
2836,57,Male,Pune,19,1567.83,7,2,0,0
2837,45,Female,Mumbai,18,1183.85,8,0,0,0
2838,50,Male,Chennai,6,561.0,6,1,1,0
2839,65,Female,Pune,45,834.99,12,2,1,0
2840,58,Male,Mumbai,33,2312.94,6,6,1,0
2841,30,Male,Delhi,23,1170.01,9,1,0,0
2842,60,Male,Delhi,23,2041.08,4,2,0,0
2843,62,Male,Pune,26,1321.68,8,1,1,0
2844,42,Female,Pune,13,2119.79,10,3,1,1
2845,59,Male,Bangalore,7,2083.58,8,2,1,1
2846,53,Female,Mumbai,15,1087.15,5,1,1,0
2847,44,Female,Pune,44,506.01,7,2,1,1
2848,55,Female,Bangalore,27,548.34,9,1,1,0
2849,24,Male,Bangalore,26,1095.67,1,0,0,0
2850,22,Female,Pune,33,2444.82,12,0,1,0
2851,60,Female,Delhi,15,1294.72,8,2,0,0
2852,62,Female,Mumbai,36,1572.62,8,2,0,0
2853,68,Male,Mumbai,45,2151.67,7,2,1,0
2854,48,Male,Delhi,55,1555.16,6,2,1,0
2855,40,Female,Pune,27,1537.95,7,1,1,0
2856,59,Male,Mumbai,57,1811.33,10,1,0,0
2857,27,Female,Pune,5,1644.48,9,1,0,0
2858,49,Female,Pune,2,1450.27,5,5,1,1
2859,60,Male,Bangalore,55,1139.28,7,2,1,0
2860,47,Female,Delhi,58,1539.24,8,0,0,0
2861,56,Male,Pune,33,2047.2,10,2,0,0
2862,48,Male,Chennai,16,2391.0,12,3,1,0
2863,35,Female,Delhi,23,1646.14,5,1,0,0
2864,53,Male,Mumbai,38,1877.58,9,1,0,0
2865,19,Male,Bangalore,55,1634.87,5,0,0,0
2866,31,Female,Mumbai,16,1456.34,8,0,0,0
2867,30,Female,Mumbai,14,1757.13,9,2,0,0
2868,46,Male,Delhi,29,2094.67,7,4,0,1
2869,29,Male,Mumbai,26,1056.82,9,0,0,1
2870,56,Female,Pune,35,774.3,7,0,0,1
2871,19,Male,Mumbai,15,1233.5,3,1,0,0
2872,49,Male,Bangalore,3,1605.83,5,1,1,1
2873,30,Male,Bangalore,23,1934.94,9,0,1,0
2874,63,Male,Chennai,29,1005.25,4,0,0,0
2875,44,Male,Bangalore,34,255.71,12,2,0,1
2876,66,Male,Mumbai,33,1245.28,7,3,0,0
2877,58,Male,Bangalore,41,1403.04,3,0,1,0
2878,34,Female,Delhi,41,918.86,8,3,0,1
2879,57,Female,Bangalore,23,1121.95,4,0,1,0
2880,48,Female,Pune,7,1933.64,10,1,1,0
2881,51,Female,Delhi,3,1539.06,10,2,1,1
2882,41,Female,Chennai,58,1672.81,10,1,0,0
2883,62,Male,Pune,32,1322.16,8,0,1,0
2884,52,Male,Mumbai,31,1122.94,4,2,1,0
2885,65,Male,Mumbai,18,1318.55,7,0,0,0
2886,23,Male,Mumbai,43,1749.44,8,2,0,1
2887,36,Female,Pune,7,754.34,9,1,0,1
2888,47,Male,Pune,41,2325.09,3,2,0,0
2889,24,Male,Pune,1,1787.43,7,1,1,0
2890,27,Female,Delhi,14,1232.06,10,0,1,0
2891,58,Male,Delhi,52,1906.7,8,1,0,0
2892,49,Male,Mumbai,32,2111.17,12,1,0,0
2893,51,Female,Bangalore,6,1334.83,11,1,1,1
2894,45,Male,Mumbai,39,1391.71,2,0,0,0
2895,32,Male,Chennai,10,2246.74,10,1,0,1
2896,47,Male,Delhi,7,2559.49,10,2,0,1
2897,54,Male,Pune,26,1514.72,13,1,1,0
2898,46,Male,Delhi,34,920.89,10,0,1,0
2899,39,Female,Pune,30,1264.7,12,3,0,0
2900,21,Female,Chennai,36,2016.51,13,3,0,0
2901,37,Female,Chennai,21,984.89,9,0,0,1
2902,49,Female,Delhi,17,1395.86,8,2,0,1
2903,53,Female,Pune,33,1646.29,10,1,1,0
2904,67,Female,Chennai,10,1038.64,7,0,0,0
2905,21,Male,Mumbai,51,2048.22,10,1,0,0
2906,44,Female,Mumbai,47,1846.98,5,1,0,0
2907,34,Female,Pune,42,2504.77,5,2,0,0
2908,29,Male,Delhi,51,1890.73,11,1,1,0
2909,39,Male,Chennai,12,1019.56,10,2,0,1
2910,34,Female,Delhi,56,1765.18,7,0,0,0
2911,27,Male,Mumbai,16,1994.01,11,2,1,0
2912,18,Female,Chennai,41,2019.74,13,0,0,0
2913,39,Male,Delhi,32,1111.58,11,0,0,1
2914,43,Female,Bangalore,15,1051.83,13,3,0,1
2915,35,Male,Pune,27,930.18,17,1,0,0
2916,67,Male,Pune,28,2302.37,5,1,1,0
2917,31,Female,Bangalore,17,1811.44,9,1,0,1
2918,64,Female,Mumbai,46,1089.39,6,2,0,0
2919,46,Female,Chennai,59,1563.59,9,2,1,0
2920,29,Female,Pune,50,1438.16,9,1,0,0
2921,53,Female,Bangalore,58,1013.71,10,0,1,0
2922,52,Male,Bangalore,2,1518.09,11,3,0,1
2923,69,Female,Mumbai,36,1595.35,6,0,0,0
2924,29,Female,Mumbai,50,2465.63,10,1,0,0
2925,24,Male,Delhi,7,1172.16,9,2,0,1
2926,46,Male,Pune,13,645.3,8,0,0,0
2927,28,Female,Delhi,15,975.52,7,2,0,1
2928,50,Male,Bangalore,25,1053.68,8,2,0,1
2929,23,Male,Chennai,23,1286.54,5,2,0,0
2930,64,Female,Chennai,22,976.75,6,1,0,1
2931,32,Male,Mumbai,26,1911.06,9,0,0,0
2932,49,Male,Chennai,33,941.98,4,2,0,1
2933,68,Female,Chennai,11,1510.01,6,1,0,0
2934,28,Female,Chennai,10,2500.1,5,2,0,0
2935,40,Male,Bangalore,25,1776.78,6,1,1,0
2936,43,Male,Chennai,37,1725.38,4,2,0,0
2937,51,Female,Chennai,48,2428.66,6,3,0,0
2938,63,Male,Chennai,43,2122.82,7,5,0,1
2939,51,Male,Delhi,53,1782.56,8,0,0,0
2940,46,Male,Bangalore,38,1344.64,9,1,1,0
2941,21,Female,Mumbai,41,1488.66,6,0,0,0
2942,34,Male,Delhi,45,1464.35,5,0,0,0
2943,52,Male,Pune,24,1299.29,12,0,0,1
2944,30,Female,Bangalore,40,1606.02,8,0,1,0
2945,58,Male,Bangalore,46,1675.37,12,1,0,0
2946,56,Male,Pune,56,877.69,2,0,1,0
2947,32,Female,Pune,33,2316.02,9,2,0,0
2948,46,Female,Pune,17,1704.9,10,0,0,0
2949,46,Female,Mumbai,24,1368.61,5,0,0,1
2950,28,Female,Chennai,37,1610.59,11,1,0,0
2951,69,Male,Bangalore,57,1965.18,9,3,0,0
2952,49,Male,Chennai,2,766.66,6,0,0,0
2953,19,Female,Chennai,32,1447.47,8,1,0,1
2954,64,Female,Pune,57,907.07,8,2,0,0
2955,31,Male,Mumbai,24,2828.5,4,2,0,1
2956,37,Female,Delhi,9,1569.09,8,0,0,1
2957,39,Male,Mumbai,4,911.13,9,1,0,0
2958,28,Female,Chennai,17,3299.73,6,0,0,0
2959,44,Male,Mumbai,17,1231.99,6,0,0,0
2960,20,Female,Pune,53,1395.46,6,1,0,0
2961,34,Female,Delhi,50,1431.6,9,2,1,0
2962,61,Male,Pune,48,1076.02,15,1,0,0
2963,45,Female,Delhi,30,1623.68,7,3,1,1
2964,46,Male,Chennai,40,394.63,8,1,1,0
2965,38,Male,Delhi,58,2042.95,9,2,1,0
2966,64,Male,Delhi,11,936.1,8,0,0,0
2967,33,Male,Delhi,21,1292.34,5,1,1,1
2968,54,Male,Mumbai,21,1875.76,9,0,1,0
2969,37,Female,Mumbai,18,1397.77,7,1,1,1
2970,23,Female,Chennai,55,1418.23,10,1,0,0
2971,36,Male,Delhi,29,993.96,7,2,1,1
2972,22,Female,Bangalore,24,2547.82,8,0,1,0
2973,20,Male,Chennai,10,1765.74,7,1,0,1
2974,18,Female,Delhi,45,958.61,11,0,1,0
2975,55,Female,Delhi,17,1589.09,7,1,0,0
2976,32,Female,Mumbai,18,923.27,10,2,1,1
2977,51,Female,Chennai,42,2361.21,7,3,1,0
2978,52,Male,Delhi,48,1599.82,9,2,0,1
2979,66,Male,Delhi,20,1012.23,5,3,1,1
2980,42,Female,Chennai,37,1848.8,12,1,1,0
2981,41,Female,Bangalore,45,1360.96,8,1,0,0
2982,29,Male,Chennai,18,855.89,7,2,0,1
2983,35,Female,Chennai,17,1690.52,6,0,1,0
2984,32,Male,Bangalore,9,1676.42,7,1,0,0
2985,61,Male,Chennai,14,2068.87,9,1,0,0
2986,33,Male,Delhi,49,1532.25,3,2,1,0
2987,44,Female,Chennai,29,1553.53,4,1,1,0
2988,25,Male,Bangalore,31,1580.07,13,0,0,0
2989,63,Female,Pune,4,2297.64,7,1,0,0
2990,42,Male,Chennai,18,1344.96,7,4,0,1
2991,34,Female,Mumbai,59,1734.73,10,1,1,0
2992,46,Female,Delhi,20,1808.37,11,2,1,0
2993,25,Female,Delhi,56,1674.89,9,0,0,0
2994,32,Male,Mumbai,56,1326.05,13,1,0,0
2995,44,Male,Mumbai,47,1560.3,6,0,0,0
2996,63,Female,Chennai,43,1453.17,14,1,1,0
2997,67,Female,Mumbai,44,2479.61,9,2,0,0
2998,69,Female,Pune,9,1271.12,10,0,1,0
2999,24,Male,Bangalore,13,1043.71,4,0,0,0
3000,20,Male,Mumbai,15,1496.9,13,2,1,0
